complex name,J index
1A0G_1,0.9290322580645162
1A0H_1,0.9905660377358491
1A22_1,0.9396551724137931
1A2A_2,0.9142857142857143
1A2W_5,0.90625
1A6D_2,0.9388888888888889
1A6J_1,0.9318181818181818
1A79_2,0.8829787234042553
1AA7_1,0.9746835443037974
1ADY_1,0.9715302491103203
1AGQ_1,0.9416058394160584
1AIH_1,0.952054794520548
1ARZ_1,0.9067796610169492
1AUI_1,0.9748427672955975
1AVA_1,0.9333333333333333
1AVO_1,0.9453125
1AVX_5,0.8181818181818182
1AVZ_4,0.84
1AX4_2,1.0
1AXI_1,0.9357798165137615
1AY7_9,0.9056603773584906
1AZ4_6,0.8235294117647058
1B27_1,0.9295774647887324
1B2S_1,0.9178082191780822
1B2U_2,0.8918918918918919
1B35_1,0.901840490797546
1B3S_4,0.8243243243243243
1B4K_1,0.9636363636363636
1B4U_1,0.94375
1B6C_1,0.8181818181818182
1B8A_1,0.9208860759493671
1B9L_3,0.8024691358024691
1B9M_1,1.0
1B9Y_1,0.9466666666666667
1BCP_1,0.9036144578313253
1BDF_2,0.832
1BIH_1,0.9103448275862069
1BJA_8,0.868421052631579
1BKD_1,0.9148936170212766
1BO4_1,0.9692307692307692
1BOU_9,0.8555555555555555
1BPL_1,0.9558823529411765
1BPO_8,0.9405940594059405
1BR1_1,0.9803921568627451
1BUH_1,0.9482758620689655
1BVN_1,0.8737864077669902
1C28_1,0.9473684210526315
1C3C_3,0.8148148148148148
1C3X_5,0.922077922077922
1C7N_2,0.8011695906432749
1C8N_5,0.9342105263157895
1C8U_1,0.9190751445086706
1CB7_1,0.8962962962962963
1CJ1_6,0.8271604938271605
1CLI_1,0.9162995594713657
1CMV_1,0.9142857142857143
1CN3_1,0.9329608938547486
1CN4_5,0.8533333333333334
1COZ_1,0.9113924050632911
1CP2_1,0.9473684210526315
1CQ3_1,0.9247311827956989
1CQI_1,0.9597701149425287
1CS0_1,0.9226519337016574
1CX8_2,0.9146919431279621
1D1J_1,0.9230769230769231
1D2Z_1,0.8552631578947368
1D3Y_1,0.9162011173184358
1D4X_1,0.9186046511627907
1D6R_6,0.8823529411764706
1D9E_1,0.9606299212598425
1D9G_1,0.9950738916256158
1DD1_1,0.9375
1DDZ_1,0.9821428571428571
1DE5_1,0.9405405405405406
1DGB_1,0.9485714285714286
1DGR_1,1.0
1DJ8_4,0.8235294117647058
1DJS_1,0.9745762711864406
1DK4_1,0.9381443298969072
1DLE_1,0.9274193548387096
1DLT_1,0.9606986899563319
1DM9_2,0.9333333333333333
1DNW_1,0.9905956112852664
1DOH_1,0.9668508287292817
1DOS_1,0.9461077844311377
1DQN_1,0.9395973154362416
1DS8_1,0.954954954954955
1DSX_3,0.8392857142857143
1DXX_1,0.956989247311828
1E0J_1,1.0
1E0U_6,0.8795180722891566
1E1H_1,0.9795918367346939
1E3U_6,0.8018018018018018
1E44_1,0.9292929292929293
1E6E_1,0.9166666666666666
1E6V_1,0.9585798816568047
1E8F_1,0.9311475409836065
1E9I_1,0.8616352201257862
1EAI_1,0.9647058823529412
1EAW_1,0.987012987012987
1EBO_1,0.907608695652174
1EF1_1,0.9314285714285714
1EF8_3,0.8382352941176471
1EFV_1,0.9641434262948207
1EHI_1,0.9619047619047619
1EI1_1,0.9581589958158996
1EJW_2,0.9375
1EK6_1,0.956989247311828
1EL6_1,0.9664804469273743
1EM1_2,0.967741935483871
1EM8_2,0.9242424242424242
1EMV_1,0.9393939393939394
1ES0_1,0.9569377990430622
1ESM_1,0.903448275862069
1ETE_5,0.8571428571428571
1EV7_1,0.91
1EWJ_1,0.9285714285714286
1EZ1_6,0.8011049723756906
1EZI_2,0.872
1F06_1,0.9619047619047619
1F23_1,0.9622641509433962
1F28_1,0.9025974025974026
1F2U_1,0.9615384615384616
1F34_1,0.9245283018867925
1F36_1,0.9913793103448276
1F37_3,0.8142857142857143
1F3M_1,0.9603960396039604
1F3T_1,0.9
1F3U_1,0.9878048780487805
1F3X_2,0.9363636363636364
1F45_1,0.9146341463414634
1F4J_1,0.9804560260586319
1F5M_1,0.9327731092436975
1F5R_1,0.9636363636363636
1F5Z_1,0.926605504587156
1F6M_2,0.956989247311828
1F8M_1,0.9683908045977011
1F8Y_1,0.927007299270073
1F9Z_1,0.9603174603174603
1FB1_2,0.898989898989899
1FBV_1,0.92
1FFW_8,0.9375
1FK8_1,0.9320987654320988
1FNE_1,0.9696969696969697
1FQ1_1,0.9195402298850575
1FS0_1,0.9679144385026738
1FT9_1,0.9562043795620438
1FUI_2,0.9079754601226994
1FY8_1,0.9444444444444444
1FYF_1,0.850828729281768
1FYH_1,0.8620689655172413
1FZR_1,0.9776536312849162
1FZW_2,0.8859649122807017
1G09_1,0.935064935064935
1G0S_1,0.9754098360655737
1G0U_2,0.8928571428571429
1G21_1,0.9659574468085106
1G5C_1,0.956989247311828
1G5G_1,0.9353846153846154
1G5H_1,0.9484536082474226
1G60_1,0.9178082191780822
1G64_1,0.9753086419753086
1G6Q_1,0.8888888888888888
1G6W_1,0.8639455782312925
1G8K_1,0.9300699300699301
1G8M_1,0.9785714285714285
1G8R_1,0.9386973180076629
1G8Y_8,0.8985507246376812
1GCQ_1,0.9245283018867925
1GG2_1,0.911504424778761
1GGM_1,0.9177631578947368
1GGP_1,0.9485294117647058
1GH7_1,0.9601990049751243
1GK0_1,0.974910394265233
1GK2_2,0.9204545454545454
1GK9_1,0.9976905311778291
1GMW_1,0.9836065573770492
1GN4_1,0.9447513812154696
1GO4_1,0.9906542056074766
1GPQ_1,0.896551724137931
1GQA_1,0.9195402298850575
1GQG_1,0.930635838150289
1GQM_1,0.9659090909090909
1GQY_1,0.898989898989899
1GRN_1,0.956989247311828
1GT7_2,0.9405940594059405
1GU9_4,0.8214285714285714
1GUS_1,0.9819819819819819
1GVM_2,0.9571428571428572
1GX7_1,0.9958847736625515
1GXD_3,0.8888888888888888
1GXJ_1,0.9016393442622951
1GY7_6,0.8064516129032258
1GYY_1,0.9928057553956835
1GZ3_1,0.927461139896373
1GZS_1,0.921875
1H0H_1,0.9122807017543859
1H18_1,0.9329268292682927
1H1V_7,0.8363636363636363
1H21_1,0.9598540145985401
1H2I_2,0.9459459459459459
1H2S_1,0.9444444444444444
1H2U_1,0.9104477611940298
1H3L_2,0.9322033898305084
1H6K_1,0.9019607843137255
1H74_1,0.9245283018867925
1H81_1,0.9316770186335404
1H9D_1,0.8863636363636364
1H9R_4,0.8207547169811321
1HBM_2,0.8541666666666666
1HBN_1,0.9649122807017544
1HBU_1,0.948051948051948
1HF2_1,0.9017857142857143
1HI9_4,0.9104477611940298
1HKQ_1,0.9333333333333333
1HN2_1,0.9371428571428572
1HWL_1,0.9847094801223242
1HX5_1,0.9736842105263158
1HXH_2,0.8732394366197183
1HXM_1,0.9017341040462428
1I07_3,0.8220338983050848
1I1D_1,0.9384615384615385
1I2M_1,0.875
1I50_1,0.9568965517241379
1I6O_1,0.9861111111111112
1I7Q_1,0.888
1I7W_1,0.9735449735449735
1I8L_4,0.8909090909090909
1I9C_1,0.897196261682243
1IAH_1,0.9411764705882353
1IAO_1,0.9761904761904762
1IAR_1,0.9
1ICF_1,0.9113924050632911
1IGU_5,0.8554216867469879
1IHR_1,1.0
1II8_1,0.9625
1IJF_1,0.9583333333333334
1IJL_1,0.9696969696969697
1IJX_4,0.8152173913043478
1INN_1,0.9444444444444444
1IQ6_1,0.9357142857142857
1IQP_2,0.8653846153846154
1IRA_1,0.9714285714285714
1IS7_1,0.9726027397260274
1IS8_1,0.9759036144578314
1ISG_4,0.95
1IT8_1,0.9245283018867925
1IUG_1,0.934640522875817
1IZ1_3,0.8434782608695652
1J0E_1,0.9248554913294798
1J1D_1,0.9615384615384616
1J1E_1,0.9221556886227545
1J2W_1,0.9591836734693877
1J31_1,0.9758064516129032
1J3K_1,0.9333333333333333
1J3L_9,0.9454545454545454
1J3R_1,0.9172413793103448
1J4U_1,0.9411764705882353
1J4V_1,1.0
1J70_1,0.9310344827586207
1J7D_5,0.8448275862068966
1J9I_8,0.8307692307692308
1JAY_1,0.8813559322033898
1JFQ_1,0.9502762430939227
1JG8_2,0.978021978021978
1JKG_1,0.9622641509433962
1JKV_3,0.9591836734693877
1JMA_1,0.8636363636363636
1JMU_1,0.9585365853658536
1JMV_1,0.9550561797752809
1JN9_1,0.9560975609756097
1JNB_1,0.8781512605042017
1JNZ_1,0.9784172661870504
1JPY_1,0.9854368932038835
1JRA_1,0.8863636363636364
1JS3_1,0.9772079772079773
1JTD_1,0.8958333333333334
1JTG_1,0.956140350877193
1JTO_1,0.9285714285714286
1JX7_3,0.8983050847457628
1JXH_1,0.9419354838709677
1JXQ_1,0.8958333333333334
1JYO_5,0.8303571428571429
1JZO_2,0.9382716049382716
1JZT_1,0.9669421487603306
1K0Z_1,0.9702970297029703
1K2E_1,0.9537037037037037
1K3R_1,0.9136690647482014
1K3S_1,0.978494623655914
1K50_1,0.9583333333333334
1K5G_1,0.9695431472081218
1K66_1,0.9537037037037037
1K6D_3,0.8823529411764706
1K88_1,0.8571428571428571
1K93_1,0.9758454106280193
1KAC_4,0.9090909090909091
1KAM_1,0.9629629629629629
1KAR_1,0.9754901960784313
1KBQ_1,0.9414225941422594
1KCA_1,0.87
1KCF_4,0.8048780487804879
1KHU_1,0.9537037037037037
1KI9_1,0.921875
1KIZ_1,0.9417989417989417
1KJN_1,0.927710843373494
1KKE_1,0.9058823529411765
1KM1_1,0.9562043795620438
1KNX_1,0.905940594059406
1KSH_1,0.9390243902439024
1KVE_1,1.0
1KXP_1,0.9383561643835616
1KXQ_1,0.9263157894736842
1KXT_1,0.967391304347826
1KYQ_1,0.9823788546255506
1KZC_1,0.96
1L2W_2,0.8415841584158416
1L4I_9,0.9098360655737705
1L5X_1,0.9658536585365853
1L8C_1,0.9848484848484849
1L8D_10,0.9428571428571428
1LHR_1,0.9205298013245033
1LI1_1,0.9766081871345029
1LK5_1,0.883495145631068
1LKY_1,0.9
1LM7_3,0.9661016949152542
1LNY_1,0.9457013574660633
1LP1_1,0.896551724137931
1LQM_1,0.9278350515463918
1LQS_1,0.98
1LSS_1,0.8762886597938144
1LT7_1,0.9764705882352941
1LW6_8,0.821917808219178
1LX5_2,0.8933333333333333
1LX7_1,0.9259259259259259
1LYW_1,0.9842931937172775
1LZW_4,0.8933333333333333
1M10_1,0.91
1M1E_1,0.9193548387096774
1M1F_1,0.93
1M1J_1,0.9539877300613497
1M1T_1,0.9575471698113207
1M2B_1,0.9183673469387755
1M32_1,0.9647058823529412
1M7G_1,0.8840579710144928
1M7H_1,0.9347826086956522
1M8A_8,0.9193548387096774
1MA9_1,0.9403973509933775
1MB2_2,0.8145695364238411
1MBY_7,0.8571428571428571
1MD0_1,0.8928571428571429
1MJT_1,0.9572649572649573
1MKM_1,0.971830985915493
1MO1_1,0.967741935483871
1MOE_1,0.9
1MPS_1,0.9360730593607306
1MR1_1,0.9705882352941176
1MV8_1,0.9847715736040609
1MW5_1,0.9727891156462585
1MWQ_1,0.8813559322033898
1MY7_3,0.8695652173913043
1N0L_1,0.9603174603174603
1N1C_1,0.9577922077922078
1N1E_1,0.9396984924623115
1N23_1,0.8673469387755102
1N2M_2,0.8823529411764706
1N7F_8,0.819672131147541
1N80_1,0.9476190476190476
1N9E_1,0.9916805324459235
1N9J_1,0.989010989010989
1N9S_1,0.8947368421052632
1NA1_1,0.9681528662420382
1NBW_1,0.9464285714285714
1ND6_4,0.848
1NF3_9,0.8095238095238095
1NFV_1,0.9440559440559441
1NHW_1,0.9328358208955224
1NJ8_1,0.9186046511627907
1NJJ_1,0.9178082191780822
1NKI_1,0.9453551912568307
1NKQ_1,0.9423076923076923
1NNQ_1,0.97
1NP3_1,0.9826589595375722
1NP6_1,0.9868421052631579
1NP8_3,0.96
1NR4_3,0.8192771084337349
1NR7_1,0.8956521739130435
1NR9_1,0.8666666666666667
1NT2_8,0.8070175438596491
1NU9_1,0.9621621621621622
1NVM_3,0.8240740740740741
1NW2_1,0.9655172413793104
1NW9_1,0.9787234042553191
1NWW_1,0.8818897637795275
1NZ0_1,0.8846153846153846
1O0W_1,0.9078947368421053
1O1N_2,0.9333333333333333
1O28_1,0.9612903225806452
1O4U_1,0.9312169312169312
1O57_1,0.896969696969697
1O61_1,0.9383886255924171
1O63_1,0.9130434782608695
1O7L_1,0.9606986899563319
1O9I_1,0.9776536312849162
1O9Y_1,0.9851851851851852
1OA8_1,0.9182389937106918
1OAN_1,0.8944444444444445
1OB8_1,0.9322033898305084
1OCZ_1,0.9690721649484536
1OG6_3,0.8648648648648649
1OHV_1,0.9817232375979112
1OIA_1,0.8703703703703703
1OJ7_1,0.9193548387096774
1OJH_1,0.9908256880733946
1OMO_3,0.8427672955974843
1OMZ_1,0.9907407407407407
1ONW_1,0.923728813559322
1OOQ_1,1.0
1OP9_3,0.847457627118644
1OQ1_4,0.8414634146341463
1OQB_1,0.9288888888888889
1OQC_1,0.9090909090909091
1OQJ_1,0.875
1OR6_1,0.9302325581395349
1OR7_1,0.9748427672955975
1OSM_2,0.972027972027972
1OTU_1,0.9103139013452914
1OTW_1,0.9545454545454546
1OV3_1,0.9936708860759493
1OXH_1,0.9358974358974359
1OY5_1,0.9721115537848606
1OZ7_3,0.8166666666666667
1P32_2,0.9285714285714286
1P3H_5,1.0
1P4O_1,0.911504424778761
1P4Q_1,0.976
1P6X_1,0.9012345679012346
1P7G_1,0.9540816326530612
1P8C_5,0.8309859154929577
1P9E_1,0.9720670391061452
1P9L_1,0.9484536082474226
1P9O_1,0.9661016949152542
1PB0_1,0.8524590163934426
1PBI_1,0.9528301886792453
1PC6_1,0.994413407821229
1PCF_7,0.8125
1PCZ_1,0.9347826086956522
1PFF_5,0.8148148148148148
1PJS_1,0.9550827423167849
1PK1_5,0.875
1PM3_2,0.9402985074626866
1PQZ_1,0.8918918918918919
1PUG_5,0.825
1PVH_4,0.9436619718309859
1PZM_1,0.9714285714285714
1PZR_8,0.8350515463917526
1Q05_1,0.9675324675324676
1Q08_1,0.9709302325581395
1Q1L_2,0.952755905511811
1Q23_2,0.8640776699029126
1Q2H_1,0.9917355371900827
1Q40_1,0.9496402877697842
1Q52_3,0.9637681159420289
1Q57_2,0.8532608695652174
1Q5H_1,0.9847328244274809
1Q7L_1,0.970873786407767
1Q8M_1,0.9428571428571428
1Q9U_1,0.9440559440559441
1QAV_1,0.9473684210526315
1QB3_1,0.9862068965517241
1QBZ_1,0.9171974522292994
1QCB_1,0.9574468085106383
1QE6_1,0.9176470588235294
1QFH_1,0.975609756097561
1QFX_1,0.8947368421052632
1QG7_1,0.9605263157894737
1QGE_1,0.9847715736040609
1QGT_1,0.9038461538461539
1QHH_1,0.9657794676806084
1QI1_2,0.8712871287128713
1QI9_1,0.9787234042553191
1QIP_1,0.9891304347826086
1QJG_3,0.8117647058823529
1QKI_2,0.8215962441314554
1QL0_1,0.8888888888888888
1QM5_1,0.975
1QQ5_1,0.9259259259259259
1QQJ_1,0.9536082474226805
1QSO_1,0.95625
1QX5_1,0.9878048780487805
1QXN_2,0.8153846153846154
1QYN_1,0.9651162790697675
1R0K_1,0.9794520547945206
1R0R_1,0.9444444444444444
1R15_1,0.9313725490196079
1R1U_6,0.8736842105263158
1R2F_1,0.9428571428571428
1R30_1,0.926829268292683
1R3N_1,0.9774011299435028
1R4A_1,0.875
1R4C_1,0.9949748743718593
1R52_1,0.9187817258883249
1R5X_7,0.8115942028985508
1R7H_1,1.0
1R7I_1,0.9608433734939759
1R8J_1,0.9772727272727273
1R8O_1,0.9801324503311258
1R8S_1,0.9532710280373832
1RER_1,0.9583333333333334
1RF8_1,0.9861111111111112
1RFZ_1,0.8913043478260869
1RHZ_1,0.9629629629629629
1RI8_8,0.9661016949152542
1RK4_1,0.9239130434782609
1RKE_1,0.9439252336448598
1RLI_1,0.9259259259259259
1RM0_1,0.9855769230769231
1RO7_3,0.8983050847457628
1RP7_1,0.9445727482678984
1RPN_2,0.9159663865546218
1RQD_2,0.9510869565217391
1RTY_1,0.95
1RY7_1,0.9504132231404959
1RYI_2,0.9466666666666667
1RYY_1,0.9459459459459459
1RZJ_2,0.9439252336448598
1RZP_1,0.9432624113475178
1S16_1,0.9576719576719577
1S26_1,0.9952380952380953
1S28_1,0.937007874015748
1S3Z_1,1.0
1S4C_7,0.8415841584158416
1S4F_1,0.958904109589041
1S4K_1,0.8571428571428571
1S59_7,0.8105263157894737
1S7M_2,0.9858490566037735
1S8F_1,0.8985507246376812
1S98_2,1.0
1SB2_1,0.9262295081967213
1SC6_4,0.8581081081081081
1SDD_1,0.9461538461538461
1SFK_1,0.9901960784313726
1SFX_1,0.9333333333333333
1SG4_3,0.9253731343283582
1SHQ_1,0.9675324675324676
1SHW_6,0.9135802469135802
1SHY_2,0.8961038961038961
1SHZ_1,0.9516129032258065
1SKV_1,0.8608695652173913
1SLQ_1,0.9709302325581395
1SMO_1,0.8783783783783784
1SPB_1,0.975
1SPP_1,0.8656716417910447
1SQ0_1,0.9019607843137255
1SQ7_1,0.8793103448275862
1SQB_1,0.8731343283582089
1SQE_1,0.9807692307692307
1SQX_1,0.9459459459459459
1SR4_1,0.9338842975206612
1SR6_1,0.9692307692307692
1SS4_1,0.9727272727272728
1ST0_1,0.9968051118210862
1SU1_7,0.8072289156626506
1SUS_1,0.9527027027027027
1SUV_1,0.943127962085308
1SUW_1,0.9038461538461539
1SWJ_1,0.9655172413793104
1SYX_2,0.9583333333333334
1SZ2_1,0.8947368421052632
1SZQ_1,0.9301075268817204
1T0H_2,0.9054054054054054
1T0P_9,0.896551724137931
1T0R_1,0.9320388349514563
1T11_1,0.8911917098445595
1T1L_6,0.8387096774193549
1T1V_1,0.9444444444444444
1T33_1,0.8994708994708994
1T3I_1,0.914179104477612
1T3U_1,0.9555555555555556
1T3W_1,0.9401709401709402
1T44_1,0.9319727891156463
1T62_1,0.967741935483871
1T6B_2,0.9166666666666666
1T6G_2,0.9122807017543859
1T6S_3,0.8164556962025317
1T70_1,0.9421487603305785
1T8Q_2,0.875
1T8U_1,0.9772727272727273
1T98_1,0.9644128113879004
1T9D_1,0.8814229249011858
1T9G_1,0.9666666666666667
1TA3_1,0.9591836734693877
1TAW_1,0.9016393442622951
1TB3_1,0.9368421052631579
1TBA_9,0.8014705882352942
1TBX_1,0.9240506329113924
1TDQ_1,0.9493670886075949
1TDT_1,0.9577464788732394
1TE2_1,0.8888888888888888
1TF0_1,0.8701298701298701
1TH1_1,0.9828571428571429
1THN_1,0.8787878787878788
1TIJ_1,1.0
1TJ7_2,0.9476439790575916
1TJO_2,0.9154929577464789
1TKV_2,0.8372093023255814
1TLH_1,0.9642857142857143
1TLJ_1,0.8809523809523809
1TM1_4,0.8311688311688312
1TM3_2,0.8205128205128205
1TM4_1,0.9726027397260274
1TM5_1,0.9594594594594594
1TM7_2,0.8157894736842105
1TMQ_1,0.9565217391304348
1TMX_1,0.9956331877729258
1TO0_1,0.8823529411764706
1TO1_1,0.9210526315789473
1TO6_1,0.9692307692307692
1TOA_1,0.9734513274336283
1TQ8_1,1.0
1TQ9_1,0.9507042253521126
1TU1_1,0.9696969696969697
1TUE_3,0.8961038961038961
1TVK_1,0.8865248226950354
1TX4_1,0.945054945054945
1TXN_1,0.9531914893617022
1TY9_1,0.9754901960784313
1TZ9_1,0.9256198347107438
1U07_1,0.9863013698630136
1U0R_1,0.9395973154362416
1U0S_1,0.9076923076923077
1U20_1,0.9349593495934959
1U2E_1,0.881578947368421
1U2M_2,0.9107142857142857
1U4F_8,0.8461538461538461
1U5I_1,0.9690721649484536
1U5U_1,0.9156626506024096
1U5W_1,0.8943089430894309
1U69_1,0.9548387096774194
1U6J_1,0.9090909090909091
1U6S_1,0.9765625
1U7H_1,0.9755102040816327
1U7I_1,0.967479674796748
1U7Z_2,0.8373983739837398
1U8S_1,0.9540816326530612
1UAN_1,0.9696969696969697
1UD0_1,0.9210526315789473
1UE7_2,0.9285714285714286
1UF2_1,0.958904109589041
1UGH_1,0.9509803921568627
1UI5_1,0.9338842975206612
1UL1_2,0.8482758620689655
1ULG_2,0.8095238095238095
1UM0_4,0.9292035398230089
1UMF_10,0.8292682926829268
1UN8_1,0.9637681159420289
1UOD_1,0.9285714285714286
1UP4_1,0.953125
1USY_1,0.9506172839506173
1UT4_1,0.9074074074074074
1UUG_1,0.96
1UUN_1,0.9392265193370166
1UWG_2,0.912621359223301
1UWI_1,0.96875
1V0E_1,0.9732510288065843
1V1H_1,0.9870967741935484
1V1P_4,0.8804347826086957
1V26_1,0.9478260869565217
1V3E_1,0.9398496240601504
1V5W_1,0.9727272727272728
1V5X_1,0.9357798165137615
1V7C_1,0.9725490196078431
1V8D_2,0.9545454545454546
1V8P_1,0.9065420560747663
1VC8_4,0.8333333333333334
1VCB_1,0.9625
1VDD_1,0.9573170731707317
1VE5_1,0.9452054794520548
1VEA_1,0.946236559139785
1VET_2,0.8431372549019608
1VEU_3,0.8571428571428571
1VG0_1,0.8869565217391304
1VG9_1,0.8956521739130435
1VGC_1,0.9885714285714285
1VGL_2,0.8266666666666667
1VJL_1,0.9142857142857143
1VJQ_1,0.9322033898305084
1VKM_1,0.9175257731958762
1VLR_1,0.9825783972125436
1VMD_1,0.9015151515151515
1VMK_1,0.925
1VR7_3,0.8135593220338984
1VR9_1,0.8181818181818182
1VS3_1,0.8369565217391305
1VSQ_1,0.9852941176470589
1VYH_1,0.853448275862069
1VZY_1,0.95
1W23_1,0.8974358974358975
1W3Z_1,0.9930555555555556
1W4C_2,0.9186046511627907
1W4R_3,0.8235294117647058
1W6U_1,0.9365853658536586
1W9A_1,0.9746835443037974
1W9Z_2,0.9602649006622517
1WD6_1,0.9285714285714286
1WDJ_1,0.983739837398374
1WDZ_1,0.9576271186440678
1WKH_1,0.9657320872274143
1WKQ_1,0.9922178988326849
1WKV_1,0.9267015706806283
1WLE_1,0.922509225092251
1WLI_1,0.9019607843137255
1WMI_1,0.984251968503937
1WMS_1,0.8309859154929577
1WN1_1,0.9
1WO8_1,0.9508196721311475
1WOQ_4,0.8247422680412371
1WOV_2,0.8016528925619835
1WP7_2,0.90625
1WPP_1,0.9090909090909091
1WPX_1,0.9769230769230769
1WQ1_1,0.956140350877193
1WQA_5,0.9726027397260274
1WQJ_2,0.8985507246376812
1WR6_1,0.9122807017543859
1WRD_8,0.9811320754716981
1WSC_1,0.9339622641509434
1WT5_1,0.8352941176470589
1WWP_1,0.9041095890410958
1WWR_1,0.9791666666666666
1WX0_1,0.8829787234042553
1WX1_3,0.8012048192771084
1WYU_1,0.9925650557620818
1WYW_1,0.9080459770114943
1WYZ_1,0.9239130434782609
1WZ3_1,1.0
1WZ7_1,0.9482758620689655
1X0G_1,0.9850746268656716
1X2H_1,0.9171270718232044
1X2I_1,0.9418604651162791
1X6V_1,0.9130434782608695
1X7O_1,0.819672131147541
1X8D_1,0.9514563106796117
1XAO_1,0.9946236559139785
1XCB_1,0.9662921348314607
1XD9_1,0.9883720930232558
1XDK_1,0.923728813559322
1XDP_1,0.9037037037037037
1XEB_1,0.9859154929577465
1XFC_1,0.9222222222222223
1XFS_7,0.8235294117647058
1XG2_1,0.9090909090909091
1XG5_2,0.9369369369369369
1XHN_1,0.9154929577464789
1XIW_1,0.9508196721311475
1XLY_1,0.9383561643835616
1XM3_1,0.9495798319327731
1XNY_1,0.952112676056338
1XOU_1,1.0
1XPJ_1,0.9541984732824428
1XR4_1,0.953405017921147
1XSQ_1,0.9603174603174603
1XTG_1,0.9666666666666667
1XTT_1,0.9103448275862069
1XUA_1,0.9310344827586207
1XUV_1,0.8571428571428571
1XV2_2,0.831858407079646
1XWD_1,0.9390243902439024
1XWO_1,0.9331210191082803
1XX7_4,0.8073394495412844
1XY7_1,0.9685534591194969
1XZ8_1,0.8939393939393939
1XZP_1,0.975609756097561
1Y07_3,0.8034188034188035
1Y0B_1,0.9152542372881356
1Y0G_1,0.8968253968253969
1Y0H_1,0.8260869565217391
1Y0U_1,0.8441558441558441
1Y10_1,0.972972972972973
1Y1A_1,0.944954128440367
1Y1K_1,0.9436619718309859
1Y1O_2,0.824
1Y23_2,0.8104265402843602
1Y2I_1,0.9212598425196851
1Y33_1,0.9452054794520548
1Y34_1,0.9178082191780822
1Y3B_9,0.8026315789473685
1Y3C_1,0.9452054794520548
1Y3D_1,0.9444444444444444
1Y4A_1,0.9746835443037974
1Y4D_1,0.9873417721518988
1Y4M_1,0.9146341463414634
1Y4Z_1,0.9593023255813954
1Y56_1,0.8992248062015504
1Y5Y_1,0.9008264462809917
1Y60_1,0.9391891891891891
1Y64_1,0.9256756756756757
1Y7Q_6,0.8029197080291971
1Y7R_1,0.9607843137254902
1Y82_1,0.9074074074074074
1Y8G_1,0.9052631578947369
1Y8Q_1,0.9336734693877551
1Y96_1,0.92
1YA0_3,0.8467741935483871
1YAF_1,1.0
1YAU_1,0.9333333333333333
1YAV_1,0.9396551724137931
1YC0_2,0.9411764705882353
1YC6_1,0.9905660377358491
1YC8_3,0.8395061728395061
1YDG_3,0.8041237113402062
1YEW_1,0.9803149606299213
1YJ7_1,0.9473684210526315
1YKE_1,0.8777777777777778
1YKJ_1,0.9158878504672897
1YL7_4,0.8699186991869918
1YLM_1,0.872093023255814
1YLX_3,0.8048780487804879
1YOX_1,0.9568965517241379
1YQF_6,0.8018018018018018
1YRB_1,0.9532163742690059
1YRT_1,0.968503937007874
1YRU_1,0.9763779527559056
1YUK_1,0.9324324324324325
1YV1_1,0.8571428571428571
1YVB_3,0.8089887640449438
1YVI_1,0.9012345679012346
1YWK_9,0.8269230769230769
1YYV_1,0.9858156028368794
1Z01_7,0.8273809523809523
1Z2X_1,0.9354838709677419
1Z5Y_1,0.864406779661017
1Z69_7,0.8169014084507042
1Z7M_1,0.9386503067484663
1Z7U_1,0.9732142857142857
1Z82_1,0.8870967741935484
1Z85_1,0.8695652173913043
1Z8K_1,0.8571428571428571
1Z92_1,0.9230769230769231
1Z94_1,0.9069767441860465
1ZAE_4,0.9108910891089109
1ZC3_1,0.8961038961038961
1ZCT_1,0.99
1ZDN_1,0.9285714285714286
1ZFN_1,0.9281767955801105
1ZH8_1,0.875
1ZHH_1,0.898989898989899
1ZHI_8,0.9322033898305084
1ZKE_1,0.9159663865546218
1ZKP_1,0.8867924528301887
1ZKU_1,0.88
1ZLI_1,0.8761061946902655
1ZN7_1,0.972972972972973
1ZOT_1,0.9615384615384616
1ZPS_1,0.9485294117647058
1ZR0_1,0.9107142857142857
1ZT9_1,0.987012987012987
1ZUD_1,0.9393939393939394
1ZV5_1,0.9242424242424242
1ZVN_1,0.8888888888888888
1ZVY_1,0.8787878787878788
1ZXM_1,0.8934010152284264
1ZXO_3,0.8876404494382022
1ZXZ_9,0.8522727272727273
1ZY4_1,0.9223300970873787
2A0S_1,0.9278350515463918
2A1F_1,0.8925619834710744
2A1S_2,0.8494623655913979
2A2J_1,0.9298245614035088
2A2L_3,0.8352941176470589
2A40_1,0.9512195121951219
2A4W_1,0.9551282051282052
2A56_1,0.9741935483870968
2A5D_1,0.9069767441860465
2A5H_1,0.9740634005763689
2A5T_1,0.97
2A5Z_1,0.9541984732824428
2A61_1,0.9764705882352941
2A6A_3,0.8852459016393442
2A6D_1,0.949438202247191
2A6K_1,0.9388888888888889
2A6P_1,0.8604651162790697
2A6Q_1,0.9803921568627451
2A6S_1,0.84375
2A72_1,0.978448275862069
2A73_1,0.9873417721518988
2A78_5,0.935064935064935
2A7K_1,0.8977272727272727
2A9K_1,0.9466666666666667
2A9S_2,0.8454545454545455
2ABM_1,0.9210526315789473
2ABZ_1,0.8780487804878049
2ADL_1,0.9191919191919192
2AF4_1,0.864406779661017
2AF6_2,0.9349593495934959
2AHM_1,0.9801980198019802
2AJF_7,0.9021739130434783
2ANE_1,0.9125
2ANU_1,0.958904109589041
2AO9_1,0.9624060150375939
2AOB_1,0.9733333333333334
2AP9_2,0.9067796610169492
2AQ2_8,0.9142857142857143
2AQX_1,0.9622641509433962
2ARK_1,0.9459459459459459
2ARP_1,0.9279279279279279
2ASS_2,0.9469026548672567
2AST_2,0.8839285714285714
2ATX_2,0.8737864077669902
2AUN_1,0.9411764705882353
2AVF_2,0.9454545454545454
2AW2_7,0.8783783783783784
2AXW_1,1.0
2AYO_1,0.9305555555555556
2AZE_1,0.9952380952380953
2B2K_1,0.9418604651162791
2B3D_1,0.8992805755395683
2B3S_1,0.8604651162790697
2B3Z_3,0.8125
2B42_1,0.872
2B5L_1,0.9271523178807947
2B5U_1,0.9714285714285714
2B7C_1,0.958041958041958
2B81_1,0.8843537414965986
2B99_2,0.941747572815534
2B9B_5,0.9169329073482428
2B9Z_3,0.8098591549295775
2BE1_1,0.875
2BEX_1,0.8923076923076924
2BFG_1,0.946078431372549
2BGC_1,0.9341317365269461
2BKI_1,0.96
2BM8_2,0.9612403100775194
2BMA_1,0.9393939393939394
2BP7_2,0.9851851851851852
2BSE_2,0.8941176470588236
2BSJ_1,0.883495145631068
2BTU_1,0.9230769230769231
2BW3_1,0.9837837837837838
2BWN_1,0.9723926380368099
2BYC_2,0.8571428571428571
2BYK_1,0.9436619718309859
2BZN_1,0.9010989010989011
2C1L_1,0.9248554913294798
2C1W_5,0.9117647058823529
2C21_1,0.9585798816568047
2C2X_1,0.9016393442622951
2C37_1,0.924812030075188
2C3B_1,0.9629629629629629
2C41_2,0.9206349206349206
2C5J_1,0.9182389937106918
2C6X_1,0.9678899082568807
2C9J_2,0.9021739130434783
2C9P_1,0.9107142857142857
2C9T_1,0.9345794392523364
2CAY_2,0.8928571428571429
2CDU_1,0.9360730593607306
2CE8_1,0.9310344827586207
2CH5_1,0.8865248226950354
2CH8_1,0.8938053097345132
2CJ9_1,0.9727272727272728
2CJR_1,0.989010989010989
2CJS_1,0.9313725490196079
2CKF_2,0.9111111111111111
2CLB_1,0.8953488372093024
2CLY_1,0.983957219251337
2CN4_1,0.9964912280701754
2CO5_10,0.8028169014084507
2CO6_1,0.9455782312925171
2CS7_1,0.9230769230769231
2CT9_1,0.986013986013986
2CW6_1,0.8811881188118812
2CXS_1,0.9846827133479212
2CZV_1,0.9545454545454546
2D00_1,0.9395604395604396
2D13_1,0.935064935064935
2D1C_1,0.9973544973544973
2D1P_1,0.9361702127659575
2D1W_1,0.9682203389830508
2D2A_6,0.8205128205128205
2D4C_1,0.9422222222222222
2D4U_1,0.8831168831168831
2D4V_1,0.9814814814814815
2D68_1,0.9454545454545454
2D8D_1,0.959731543624161
2DB4_1,0.9333333333333333
2DB7_1,0.8369565217391305
2DD4_2,0.824
2DD8_1,0.9320987654320988
2DDM_1,0.8636363636363636
2DDZ_1,0.9652777777777778
2DE5_4,0.8070175438596491
2DG0_1,0.9278350515463918
2DI3_1,0.9575757575757575
2DJF_1,0.8875
2DKJ_1,0.9664179104477612
2DLB_1,1.0
2DM9_2,0.8627450980392157
2DPF_1,0.94
2DPN_1,0.856
2DPP_1,0.974910394265233
2DSP_1,0.9506172839506173
2DT5_1,0.9852941176470589
2DUM_4,0.8541666666666666
2DUP_1,0.9473684210526315
2DV6_1,0.9278846153846154
2DVM_1,0.9966329966329966
2DVT_1,0.9641025641025641
2DWN_1,0.9874213836477987
2DX0_1,0.9758064516129032
2DX5_1,0.9215686274509803
2DX7_5,0.8256880733944955
2E2K_1,0.9861111111111112
2E4M_3,0.8524590163934426
2E5F_1,0.926829268292683
2E6F_1,0.9333333333333333
2E7J_1,0.9552238805970149
2E7S_1,0.8539325842696629
2E85_2,0.8769230769230769
2E89_2,0.8082191780821918
2E9D_1,0.9416666666666667
2E9F_2,0.9507042253521126
2E9X_1,0.9380530973451328
2EB0_1,0.9065420560747663
2EBY_1,0.8852459016393442
2EC9_1,0.967032967032967
2ED6_1,0.8571428571428571
2EF7_1,0.9682539682539683
2EF8_1,0.8875
2EFC_1,0.8878504672897196
2EFD_1,0.9080459770114943
2EFH_1,0.891566265060241
2EG5_1,0.9381443298969072
2EGG_1,0.9387755102040817
2EGO_2,0.9152542372881356
2EJ0_1,0.9505494505494505
2EJG_1,0.9466666666666667
2EJN_5,0.8256880733944955
2EJW_1,0.9440993788819876
2EK5_1,0.9875
2EKD_2,0.9101123595505618
2EKY_3,0.8780487804878049
2EQ5_1,0.9833333333333333
2ESM_1,0.9585798816568047
2ETE_1,0.9235294117647059
2EV4_1,0.9950738916256158
2EV5_2,0.8518518518518519
2EVV_1,0.92
2EWN_2,0.8360655737704918
2F07_1,0.8928571428571429
2F08_2,0.92
2F22_1,0.9204545454545454
2F2A_1,0.9402985074626866
2F2E_1,1.0
2F2F_1,0.9264705882352942
2F2T_1,0.9562043795620438
2F3T_1,0.940677966101695
2F4L_1,0.9398907103825137
2F4M_1,0.9459459459459459
2F4N_1,0.8333333333333334
2F4P_1,0.8444444444444444
2F5G_1,0.951048951048951
2F5I_1,0.9867256637168141
2F5J_1,0.9326923076923077
2F6L_1,0.9466666666666667
2F6U_2,0.8283582089552238
2F7S_1,0.9947089947089947
2F8B_1,0.898989898989899
2F8J_1,0.9529914529914529
2F9I_1,0.9281437125748503
2F9W_1,0.9122807017543859
2FB8_1,0.9270833333333334
2FBK_1,0.98989898989899
2FCH_7,0.8028169014084507
2FCO_6,0.8041237113402062
2FDO_1,1.0
2FEL_1,0.9243243243243243
2FEN_1,0.8924731182795699
2FEW_2,0.8933333333333333
2FG6_3,0.8407079646017699
2FGY_1,0.9465648854961832
2FHJ_1,0.9409090909090909
2FHX_1,0.9395973154362416
2FJC_1,0.82
2FKD_4,0.9285714285714286
2FLF_2,0.9240506329113924
2FMY_1,0.9148936170212766
2FN0_1,0.8857142857142857
2FNE_7,0.9452054794520548
2FNP_1,0.9823008849557522
2FPE_1,0.92
2FPW_1,0.9230769230769231
2FQM_1,1.0
2FS5_1,0.9375
2FSW_1,0.967741935483871
2FSY_1,0.9583333333333334
2FTL_1,0.873015873015873
2FTM_1,0.8983050847457628
2FTX_1,0.9397590361445783
2FUR_1,0.9512195121951219
2FV2_1,0.9101123595505618
2FVM_1,0.890625
2FW7_1,0.9444444444444444
2FXA_1,0.9948453608247423
2FYI_1,0.9368421052631579
2FYN_1,0.9041095890410958
2FYW_1,0.9338235294117647
2FZV_1,0.975609756097561
2G2U_1,0.908256880733945
2G2W_1,0.9576271186440678
2G38_1,0.9325842696629213
2G42_1,0.9900990099009901
2G5C_1,0.9826086956521739
2G6V_7,0.8434782608695652
2G6Y_1,0.9629629629629629
2G76_1,0.9431818181818182
2G77_1,0.8350515463917526
2G84_1,0.9251700680272109
2G9I_1,0.9642857142857143
2G9W_1,0.991304347826087
2GAF_1,0.9662162162162162
2GAN_1,0.918918918918919
2GBK_1,0.9176470588235294
2GD4_5,0.9310344827586207
2GDG_4,0.8125
2GEC_1,0.8636363636363636
2GED_2,0.8487394957983193
2GEF_1,0.9423076923076923
2GH8_1,0.9536423841059603
2GHV_9,0.8571428571428571
2GHW_8,0.8301886792452831
2GIA_1,0.9186046511627907
2GJ3_3,0.8936170212765957
2GJV_1,0.9397590361445783
2GKS_1,0.926829268292683
2GL0_1,0.9682539682539683
2GLZ_1,0.8933333333333333
2GMY_3,0.9361702127659575
2GN8_8,0.8571428571428571
2GO7_1,0.9901960784313726
2GOX_1,0.9125
2GQS_1,0.9195402298850575
2GR7_1,0.9343065693430657
2GR8_1,0.92
2GS7_1,0.9418604651162791
2GS9_1,0.9333333333333333
2GSK_1,0.9527027027027027
2GSV_4,0.8591549295774648
2GSZ_1,0.9457364341085271
2GT2_1,0.9545454545454546
2GTY_1,0.9423076923076923
2GUH_1,0.9139072847682119
2GUM_1,0.9827956989247312
2GUZ_1,0.9375
2GV5_1,0.8877551020408163
2GVQ_2,0.8472222222222222
2GXF_1,0.9272727272727272
2GYQ_1,0.9866666666666667
2GZ4_1,0.9876543209876543
2GZA_1,0.9195402298850575
2H0D_1,1.0
2H0Q_1,0.9357798165137615
2H1T_1,1.0
2H3H_2,0.9325842696629213
2H3N_1,0.9523809523809523
2H4O_2,0.8349514563106796
2H5K_1,0.9539473684210527
2H5L_1,0.9691629955947136
2H5N_1,0.9367088607594937
2H62_8,0.8533333333333334
2H6B_1,0.9613899613899614
2H6C_1,0.9025641025641026
2H6L_1,0.9047619047619048
2H9B_7,0.8431372549019608
2H9E_6,0.8769230769230769
2HA9_1,0.9211822660098522
2HAY_1,0.9883720930232558
2HBV_1,0.9753086419753086
2HCI_1,0.9101123595505618
2HCR_2,0.9241379310344827
2HD0_2,0.8074534161490683
2HD5_1,0.9382716049382716
2HDP_5,0.8152173913043478
2HDW_1,0.9707602339181286
2HEG_1,0.9047619047619048
2HEK_1,0.8571428571428571
2HET_3,0.8863636363636364
2HEY_1,0.8421052631578947
2HF0_1,0.9560439560439561
2HFJ_1,0.9142857142857143
2HG4_1,0.9393939393939394
2HIN_1,0.86
2HJ0_1,0.9421965317919075
2HJ1_1,0.993006993006993
2HL3_1,0.9904761904761905
2HLE_4,0.8018867924528302
2HLZ_3,0.8795180722891566
2HNE_1,0.9090909090909091
2HOX_1,0.9635036496350365
2HP0_1,0.9162011173184358
2HQL_1,0.8981481481481481
2HQS_1,0.8623853211009175
2HRK_2,0.8923076923076924
2HRT_1,0.9709677419354839
2HRV_1,0.9411764705882353
2HSN_2,0.9594594594594594
2HVB_3,0.8369565217391305
2HVG_1,0.9501661129568106
2HVW_2,0.9339622641509434
2HWW_5,0.8695652173913043
2HXI_1,0.9791666666666666
2HXO_1,0.9603960396039604
2HXX_1,0.8548387096774194
2HYX_1,0.994413407821229
2HZB_1,0.9072164948453608
2HZG_2,0.8378378378378378
2HZK_1,0.9585062240663901
2HZM_1,0.9246575342465754
2I10_1,0.9548872180451128
2I14_1,0.943217665615142
2I15_1,0.9596774193548387
2I1A_1,0.9722222222222222
2I25_1,0.9545454545454546
2I26_10,0.873015873015873
2I2O_1,0.9302325581395349
2I2R_1,0.9310344827586207
2I2X_1,0.9470198675496688
2I33_1,0.954337899543379
2I3O_1,0.9007633587786259
2I5B_5,0.8026315789473685
2I5G_1,0.9868421052631579
2I6T_1,0.9626168224299065
2I79_1,0.8849557522123894
2I7N_1,0.9006211180124224
2I7R_4,0.816
2I8D_1,0.9951219512195122
2I9F_3,0.8181818181818182
2I9U_1,0.8881118881118881
2IA2_1,0.9866666666666667
2IA9_1,0.96
2IAB_1,0.93
2IAZ_1,0.9856115107913669
2IBD_1,0.9703703703703703
2IDB_1,0.9316546762589928
2IDE_1,0.910828025477707
2IDO_1,0.9285714285714286
2IDR_1,0.9626168224299065
2IEY_1,0.9826589595375722
2IGA_2,0.9044117647058824
2IHW_3,0.958904109589041
2IIR_1,0.9295154185022027
2IJC_1,0.9363057324840764
2IJZ_1,0.9411764705882353
2IKB_8,0.9069767441860465
2IMB_1,0.9121621621621622
2IMH_1,0.86875
2INP_1,0.9581749049429658
2INU_1,0.949438202247191
2IO1_1,0.9494949494949495
2IO5_8,0.8648648648648649
2IOB_1,0.9485714285714286
2IOU_1,0.9609756097560975
2IP2_1,0.9482758620689655
2IQH_1,0.9197080291970803
2ISJ_1,0.9848024316109423
2IU9_1,0.9459459459459459
2IUO_1,0.9583333333333334
2IW5_1,0.9494949494949495
2IWO_2,0.9565217391304348
2IWP_1,0.9238095238095239
2IYB_1,0.9166666666666666
2IZ5_1,0.8604651162790697
2IZZ_1,1.0
2J0F_1,0.9357798165137615
2J0Q_1,0.9647887323943662
2J0T_2,0.9382716049382716
2J0X_1,0.9716981132075472
2J41_1,0.9565217391304348
2J4E_1,0.987012987012987
2J4L_1,0.9223300970873787
2J59_1,0.8690476190476191
2J5T_1,0.8969072164948454
2J6X_1,0.9126984126984127
2J6Y_1,0.9708029197080292
2J7P_1,0.9083969465648855
2J7Q_1,0.9375
2J8X_1,0.9464285714285714
2J90_1,0.9523809523809523
2J98_2,0.8591549295774648
2J9F_1,0.9519230769230769
2JAQ_3,0.8292682926829268
2JC2_1,0.9329268292682927
2JGZ_1,0.9296875
2JI1_1,0.9910714285714286
2JJ7_1,0.9607843137254902
2JJT_1,0.8452380952380952
2JK3_1,0.9256756756756757
2JKT_1,0.943127962085308
2JL4_1,0.8783783783783784
2JLM_6,0.9821428571428571
2JRI_1,0.9
2JV7_5,0.8472222222222222
2JZ0_1,0.9512195121951219
2K2S_1,0.9274193548387096
2K6D_1,0.9
2KA4_1,0.9925373134328358
2KHM_1,0.9809523809523809
2KLH_1,0.8454545454545455
2KNB_1,0.94
2KWI_4,0.8450704225352113
2L8T_2,0.8378378378378378
2LAG_2,0.803921568627451
2LBU_9,0.8014705882352942
2LD7_2,0.8103448275862069
2LFH_4,0.8059701492537313
2LFS_2,0.8166666666666667
2LFW_10,0.8461538461538461
2LQH_1,0.9836065573770492
2LVO_6,0.8064516129032258
2LWW_1,0.9724137931034482
2LZ6_2,0.8709677419354839
2M0G_1,0.9587628865979382
2M5A_1,0.9710144927536232
2M86_3,0.8115942028985508
2MCN_4,0.8524590163934426
2MEJ_1,0.926829268292683
2MJ5_10,0.8333333333333334
2MLX_1,0.9626556016597511
2MLZ_1,0.97265625
2MWS_1,0.921875
2N1D_1,0.9565217391304348
2NBV_1,0.9464285714285714
2NN3_1,0.8666666666666667
2NNN_7,0.9432624113475178
2NO4_1,0.9158878504672897
2NOX_1,0.9662921348314607
2NP5_1,0.959731543624161
2NP9_4,0.8345864661654135
2NQD_1,0.9655172413793104
2NQL_1,0.9421965317919075
2NR5_1,0.9166666666666666
2NU1_10,0.9295774647887324
2NUX_10,0.9736842105263158
2NV1_2,0.958904109589041
2NV2_1,0.9433962264150944
2NV4_1,0.9171597633136095
2NVM_1,0.875
2NXM_1,0.9724770642201835
2NXN_1,0.9559748427672956
2NYI_1,0.9562841530054644
2NYX_1,0.9943502824858758
2NZ7_1,0.9629629629629629
2NZ8_1,0.9351851851851852
2O0Y_1,0.9753086419753086
2O1S_1,0.9143835616438356
2O1T_1,0.8917748917748918
2O20_1,0.8125
2O38_1,0.9166666666666666
2O3A_1,0.95625
2O3B_6,0.9166666666666666
2O42_4,0.927536231884058
2O4M_1,0.8648648648648649
2O74_1,0.8349514563106796
2O8G_1,0.971830985915493
2O8Q_1,0.992
2O8V_1,0.8676470588235294
2O9A_3,0.9152542372881356
2OB9_2,0.9444444444444444
2OBN_1,0.9675324675324676
2OCF_1,0.8987341772151899
2OCT_1,0.9712643678160919
2OD6_1,0.9813084112149533
2ODM_1,0.9571428571428572
2OEL_1,0.9182879377431906
2OFX_1,0.93048128342246
2OFY_1,0.9230769230769231
2OGF_1,0.9009009009009009
2OGJ_1,0.8974358974358975
2OGX_1,0.9226519337016574
2OH1_1,0.8611111111111112
2OIE_1,0.9774011299435028
2OIZ_1,0.9741379310344828
2OK2_1,0.8732394366197183
2OKF_9,0.8068181818181818
2OKI_6,0.8118811881188119
2OKJ_1,0.9920477137176938
2OKQ_1,0.9631901840490797
2OKU_1,0.948051948051948
2OL5_1,0.935672514619883
2OMU_1,0.9485294117647058
2OMW_1,0.9426229508196722
2OMX_1,0.9694656488549618
2OOJ_1,0.8580645161290322
2OPD_1,0.9354838709677419
2OPI_1,0.9175257731958762
2OQ2_2,0.8539325842696629
2OR0_1,0.9037037037037037
2OS5_5,0.974025974025974
2OS9_1,0.9157894736842105
2OT3_1,0.9292929292929293
2OTP_1,1.0
2OTX_1,0.92
2OU5_1,0.8950617283950617
2OUK_10,0.8529411764705882
2OUL_1,0.9021739130434783
2OUW_1,0.98
2OV9_1,0.9776785714285714
2OVI_1,0.9468085106382979
2OX7_1,0.9666666666666667
2OYA_1,0.9191919191919192
2OYY_1,0.9306930693069307
2OZA_1,0.9497716894977168
2OZN_2,0.8309859154929577
2P04_1,0.9659090909090909
2P06_1,0.948905109489051
2P0S_1,0.9644970414201184
2P10_2,0.9279279279279279
2P1J_1,0.9613259668508287
2P1Q_3,0.8688524590163934
2P2C_1,0.9882352941176471
2P35_1,0.9661016949152542
2P3Y_1,0.9772727272727273
2P46_4,0.8245614035087719
2P4A_1,0.8771929824561403
2P4W_1,0.9814814814814815
2P4Z_1,0.8494623655913979
2P5R_1,0.96875
2P5X_4,0.8705882352941177
2P62_8,0.8953488372093024
2P6I_1,0.953757225433526
2P8I_1,0.9642857142857143
2P9J_4,0.8709677419354839
2P9L_2,0.8092105263157895
2P9P_1,0.9887640449438202
2PB2_1,0.927038626609442
2PBI_1,0.9685714285714285
2PC6_1,0.9782608695652174
2PD1_1,0.9629629629629629
2PDO_1,0.9867549668874173
2PEB_1,0.9065420560747663
2PEN_1,0.9791666666666666
2PG1_1,0.8968253968253969
2PG4_1,0.9705882352941176
2PGC_3,0.9494949494949495
2PGN_1,0.9766233766233766
2PHD_1,0.937037037037037
2PHN_1,0.961864406779661
2PIH_1,1.0
2PJS_1,0.963855421686747
2PJU_1,0.9572649572649573
2PJW_1,0.9515151515151515
2PLA_1,0.9411764705882353
2PLG_2,0.8018867924528302
2PLR_3,0.8105263157894737
2PM7_1,0.9812206572769953
2PMS_2,0.9358974358974359
2PMV_1,0.8991596638655462
2PNH_1,0.9411764705882353
2PO2_2,0.8901098901098901
2POB_1,0.8554216867469879
2POK_1,0.9864864864864865
2PP0_1,0.9586466165413534
2PP1_2,0.923728813559322
2PPY_2,0.9285714285714286
2PQA_1,0.925531914893617
2PQQ_1,0.9509803921568627
2PQV_1,0.8921568627450981
2PR6_2,0.8260869565217391
2PRU_1,0.9908256880733946
2PSM_1,0.9310344827586207
2PTF_1,0.8931297709923665
2PTQ_2,0.937007874015748
2PTT_5,0.9402985074626866
2PUK_1,0.9193548387096774
2PUL_1,0.9357142857142857
2PVP_1,0.8650793650793651
2PVZ_1,0.9148936170212766
2PZB_2,0.8342857142857143
2PZD_1,0.8962264150943396
2PZH_1,0.9342105263157895
2PZK_1,0.8913043478260869
2Q03_1,0.9456521739130435
2Q05_1,0.9278350515463918
2Q08_1,0.9379310344827586
2Q0J_1,0.92
2Q0T_1,0.9558011049723757
2Q0X_1,0.891156462585034
2Q1E_2,0.9322033898305084
2Q3F_4,0.9245283018867925
2Q62_1,0.9414893617021277
2Q6F_1,0.9615384615384616
2Q73_1,0.9562043795620438
2Q7F_4,0.8571428571428571
2Q7N_1,0.9875
2Q81_2,0.90625
2Q97_1,0.9375
2Q9U_1,0.9155844155844156
2QA7_3,0.8380281690140845
2QAZ_3,0.8536585365853658
2QC1_2,0.9365079365079365
2QD0_1,0.95
2QDH_7,0.8549618320610687
2QE9_1,0.8863636363636364
2QF3_2,0.8641975308641975
2QFA_1,0.9322033898305084
2QFC_1,0.8990825688073395
2QFX_1,0.9728682170542635
2QGI_1,0.9590643274853801
2QGX_1,0.9166666666666666
2QH1_1,0.9590163934426229
2QH9_2,0.8412698412698413
2QIE_1,0.9223300970873787
2QIW_1,0.9689922480620154
2QJA_4,0.9058823529411765
2QJF_1,0.9238095238095239
2QJG_1,0.963302752293578
2QKM_6,0.8072289156626506
2QKO_1,0.9367816091954023
2QKP_1,0.9772727272727273
2QL2_1,0.9615384615384616
2QL3_4,0.8103448275862069
2QLP_2,0.9193548387096774
2QLZ_1,1.0
2QM7_1,0.9473684210526315
2QMA_1,0.9887387387387387
2QMI_1,0.944954128440367
2QNE_1,0.9420289855072463
2QNF_1,1.0
2QNU_1,0.9662162162162162
2QQ1_3,0.8076923076923077
2QQD_4,0.8888888888888888
2QQZ_1,0.9503105590062112
2QR4_1,0.9644970414201184
2QRD_1,0.9405940594059405
2QRE_1,1.0
2QS8_1,0.8309859154929577
2QSQ_4,0.875
2QST_1,0.9104477611940298
2QT3_1,0.9699248120300752
2QTQ_1,0.9448275862068966
2QTS_1,0.8917748917748918
2QUY_2,0.9722222222222222
2QV0_10,0.8846153846153846
2QV6_1,0.9779735682819384
2QW7_4,0.8415841584158416
2QYG_1,0.96
2QYO_1,0.9826388888888888
2QYP_1,0.9548872180451128
2R00_1,0.9518072289156626
2R19_1,0.9135802469135802
2R1F_1,0.9595375722543352
2R25_1,0.9210526315789473
2R47_1,0.9878048780487805
2R4I_4,0.8155339805825242
2R5O_1,0.9465648854961832
2R5U_3,0.9397590361445783
2R6F_1,0.937799043062201
2R6O_5,0.8452380952380952
2R6U_1,0.9289940828402367
2R78_1,0.9791666666666666
2R87_1,0.9647058823529412
2R8E_2,0.9210526315789473
2R8Q_2,0.8494623655913979
2R97_2,0.8390804597701149
2R9E_1,0.9785714285714285
2R9P_1,0.9122807017543859
2RA3_1,0.9285714285714286
2RA6_1,0.8863636363636364
2RAS_1,0.96875
2RAX_1,0.9714285714285714
2RB9_1,0.9502487562189055
2RBB_1,0.9526627218934911
2RBD_1,0.9629629629629629
2RCC_1,0.8613138686131386
2RD7_1,0.8691588785046729
2RD9_1,0.9479166666666666
2RDC_1,0.9022556390977443
2RDE_1,0.9516129032258065
2RG7_8,0.8014705882352942
2RGN_1,0.9357142857142857
2RH0_1,1.0
2RJZ_1,0.9625
2RK0_1,0.9738562091503268
2RK9_1,0.9551282051282052
2RKK_1,0.8942307692307693
2RL7_1,0.9302325581395349
2RP4_1,0.992
2RU4_4,0.8108108108108109
2UUY_4,0.8947368421052632
2UV1_2,0.8015267175572519
2UVP_2,0.8159509202453987
2UX8_1,0.9617486338797814
2UXH_1,0.9466666666666667
2UZ3_1,0.9753086419753086
2V0O_1,0.9028871391076115
2V0R_3,0.85
2V0X_1,0.99079754601227
2V4I_1,0.9615384615384616
2V54_10,0.8133333333333334
2V57_1,0.9308176100628931
2V5Q_2,0.984375
2V6B_4,0.8135593220338984
2V7X_1,0.9285714285714286
2V8U_1,0.9787234042553191
2V9P_1,0.9492753623188406
2V9T_5,0.8607594936708861
2VCG_1,0.930379746835443
2VDW_1,0.952755905511811
2VEE_1,0.8872180451127819
2VER_2,0.9125
2VHI_1,0.9925925925925926
2VJF_1,0.9390243902439024
2VKO_1,0.8804347826086957
2VLG_1,0.9365079365079365
2VLP_1,0.8591549295774648
2VLQ_1,0.9117647058823529
2VMK_1,0.9720930232558139
2VPV_1,0.8933333333333333
2VQA_1,0.994413407821229
2VRC_1,0.9066666666666666
2VRN_1,0.9333333333333333
2VSC_1,0.9594594594594594
2VSG_1,0.9452449567723343
2VSM_1,0.9292035398230089
2VT3_1,0.9714285714285714
2VUB_1,0.8658536585365854
2VUC_2,0.8899082568807339
2VUN_1,0.9467455621301775
2VUO_1,0.9431818181818182
2VVX_2,0.9193548387096774
2VX8_1,0.9929078014184397
2VXB_1,0.8829787234042553
2VXO_1,0.9565217391304348
2W1T_4,0.8080808080808081
2W27_1,0.9708333333333333
2W2W_8,0.8441558441558441
2W3P_1,0.9298892988929889
2W4S_9,0.819672131147541
2W54_1,0.9442231075697212
2W5X_4,0.8027210884353742
2W69_5,0.8795180722891566
2W81_1,0.9830508474576272
2W8B_1,0.8495575221238938
2W8M_1,0.8809523809523809
2W8S_1,0.9459459459459459
2WAM_2,0.9069767441860465
2WB1_1,0.9310344827586207
2WBT_1,0.954248366013072
2WC4_8,0.9019607843137255
2WFL_1,0.8947368421052632
2WG5_1,0.9433962264150944
2WIU_1,0.961038961038961
2WJ0_1,0.8795180722891566
2WJ8_1,0.9530516431924883
2WJV_1,0.9618320610687023
2WKN_1,0.9343065693430657
2WKW_1,0.9423868312757202
2WLG_1,0.9166666666666666
2WO2_1,0.8653846153846154
2WO3_1,0.9509803921568627
2WP3_7,0.8513513513513513
2WP9_1,0.945
2WPT_9,0.8088235294117647
2WQ4_2,0.9247311827956989
2WSF_1,0.8853503184713376
2WTE_2,0.8248175182481752
2WVE_1,0.96875
2WVM_1,0.9338842975206612
2WWB_1,0.9777777777777777
2WWK_4,0.8194444444444444
2WY3_1,0.9204545454545454
2WY8_6,0.8923076923076924
2WYE_1,0.982078853046595
2WYI_1,0.9576271186440678
2WYR_1,0.9375
2WZJ_1,0.9722222222222222
2X0G_1,0.9367088607594937
2X17_1,0.917910447761194
2X2E_1,0.917910447761194
2X36_1,0.9324324324324325
2X3B_1,0.9142857142857143
2X3F_1,0.975
2X3H_1,0.9708029197080292
2X3L_1,0.944206008583691
2X3Y_2,0.9821428571428571
2X4I_7,0.803030303030303
2X53_1,0.9375
2X57_6,0.9577464788732394
2X5Q_8,0.8297872340425532
2X7J_2,0.9794520547945206
2X7X_1,0.9326923076923077
2X9M_4,0.8898305084745762
2X9Q_3,0.9518072289156626
2XA7_1,0.972809667673716
2XC1_1,0.9810924369747899
2XCE_1,0.9736842105263158
2XED_3,0.8152173913043478
2XFG_1,0.9514563106796117
2XFU_1,0.9006211180124224
2XFV_1,0.9305555555555556
2XGF_1,0.9944598337950139
2XGY_1,0.9428571428571428
2XIU_1,0.8833333333333333
2XKP_1,0.9252336448598131
2XN1_2,0.9583333333333334
2XPI_3,0.8208333333333333
2XQR_1,0.9090909090909091
2XRX_1,0.948905109489051
2XSC_2,0.9464285714285714
2XT2_6,0.8285714285714286
2XTA_1,0.9507389162561576
2XVT_3,0.9259259259259259
2XWQ_1,0.9481481481481482
2XWX_1,0.9701986754966887
2XYR_1,0.8969072164948454
2Y0F_1,0.9712643678160919
2Y1L_9,0.8604651162790697
2Y21_6,0.8051948051948052
2Y3D_1,0.9572649572649573
2Y3M_1,0.9103448275862069
2Y79_1,0.8554216867469879
2Y7F_1,0.8947368421052632
2Y7R_3,0.8120300751879699
2Y8N_1,0.9333333333333333
2Y96_1,0.9537037037037037
2Y9M_1,0.9
2Y9X_2,0.9367088607594937
2YC2_2,0.8333333333333334
2YF3_1,0.9840637450199203
2YGD_1,0.9245283018867925
2YH9_1,0.981651376146789
2YIL_1,0.9161676646706587
2YIN_1,0.9127906976744186
2YJN_1,0.9421487603305785
2YM9_1,0.9871794871794872
2YVE_1,0.9470588235294117
2YVS_1,0.9130434782608695
2YVX_1,0.9573934837092731
2YWB_2,0.9247311827956989
2YXO_1,0.8840579710144928
2YY7_1,0.8352941176470589
2YYV_1,0.9693877551020408
2YZE_2,0.974025974025974
2YZG_1,0.8992248062015504
2YZJ_1,0.90625
2YZR_2,0.9274193548387096
2YZS_3,0.8828125
2Z0E_1,0.9454545454545454
2Z0L_1,0.8433734939759037
2Z29_1,0.8785046728971962
2Z2R_1,0.9914163090128756
2Z3F_6,0.9473684210526315
2Z3G_10,0.9146341463414634
2Z3J_1,0.9038461538461539
2Z50_1,0.9449152542372882
2Z58_1,0.9891304347826086
2Z5C_1,0.9518072289156626
2Z67_4,0.8774193548387097
2Z69_1,0.9558823529411765
2Z6E_1,0.9895104895104895
2Z6J_1,0.9627329192546584
2Z71_1,0.975609756097561
2Z8I_1,0.9903846153846154
2Z8M_1,0.9207920792079208
2Z8U_1,0.8686131386861314
2Z8W_1,0.8928571428571429
2Z9O_1,0.9803921568627451
2Z9V_1,0.9247311827956989
2ZA4_1,0.8133333333333334
2ZAE_1,0.927710843373494
2ZB9_1,0.9556962025316456
2ZBK_1,0.90625
2ZCI_1,0.9640718562874252
2ZCN_1,0.9323308270676691
2ZDC_1,0.9099099099099099
2ZEJ_1,0.933920704845815
2ZET_1,0.9411764705882353
2ZF3_1,0.8823529411764706
2ZFW_1,0.8414634146341463
2ZG6_1,0.8604651162790697
2ZGI_1,0.9069767441860465
2ZIU_1,0.9583333333333334
2ZMF_1,0.9035087719298246
2ZMV_3,0.8554216867469879
2ZNJ_1,0.9157894736842105
2ZNV_1,0.9722222222222222
2ZNZ_1,0.9882352941176471
2ZOF_1,0.9683098591549296
2ZQK_1,0.9864864864864865
2ZRT_2,0.9333333333333333
2ZSI_1,0.9056603773584906
2ZSJ_1,0.9692307692307692
2ZSU_1,0.9461538461538461
2ZUC_2,0.9029126213592233
2ZV3_1,0.9135802469135802
2ZVY_1,0.9568345323741008
2ZVZ_4,0.8018867924528302
2ZW3_1,0.8787878787878788
2ZXX_2,0.9125
2ZY3_1,0.9471830985915493
2ZYA_1,0.9824561403508771
2ZYZ_1,0.9722222222222222
3A17_1,0.9719626168224299
3A1M_7,0.9221556886227545
3A1P_1,0.972972972972973
3A1Y_1,0.9818181818181818
3A2N_1,0.9397590361445783
3A2W_1,0.9537815126050421
3A3D_1,0.8742857142857143
3A3O_1,1.0
3A4I_1,0.9523809523809523
3A5I_3,0.9537037037037037
3A6M_1,0.9523809523809523
3A7O_8,0.8256880733944955
3A8I_1,0.9186046511627907
3A98_1,0.9512195121951219
3AB1_1,0.8840579710144928
3ABS_1,0.9455445544554455
3AD8_1,0.9120879120879121
3AE8_3,0.8309859154929577
3AEH_3,0.8524590163934426
3AEK_2,0.9108910891089109
3AEO_7,0.8933333333333333
3AEU_1,0.9652173913043478
3AFF_1,0.9081632653061225
3AFK_1,0.8144329896907216
3AFO_2,0.8206896551724138
3AFQ_1,0.9550561797752809
3AGF_1,0.9326923076923077
3AHS_1,0.9859154929577465
3AI7_1,0.9605911330049262
3AJ1_1,0.9387755102040817
3AJF_1,0.9540229885057471
3AJY_1,0.9615384615384616
3AKO_1,1.0
3ALZ_1,0.9181818181818182
3ANS_8,0.8705882352941177
3ANY_1,0.8878504672897196
3AOG_2,0.8321167883211679
3AON_1,0.9404761904761905
3AP2_1,0.9107142857142857
3APY_1,0.9017857142857143
3AQQ_7,0.9818181818181818
3ASO_1,0.8633093525179856
3AUY_1,0.8888888888888888
3AXG_1,0.961352657004831
3AXJ_1,0.9177215189873418
3AYH_1,0.961038961038961
3B08_1,0.8433734939759037
3B1B_1,0.9354838709677419
3B42_1,0.994475138121547
3B48_1,0.9805825242718447
3B4Y_1,0.9298245614035088
3B5K_1,0.9770114942528736
3B6A_1,0.9254658385093167
3B6P_1,0.9354838709677419
3B76_1,0.9838709677419355
3B8I_3,0.8214285714285714
3B93_1,0.9565217391304348
3B9I_1,0.9292035398230089
3B9O_1,0.9029535864978903
3BA3_1,0.8987341772151899
3BAR_1,0.93125
3BB8_1,0.9704797047970479
3BB9_1,0.8875
3BCP_7,0.8633093525179856
3BCW_1,0.9214285714285714
3BDB_6,0.8383838383838383
3BDH_1,0.930921052631579
3BE6_1,0.9590643274853801
3BEG_1,0.9130434782608695
3BG0_1,0.9425837320574163
3BG2_1,0.8963414634146342
3BH3_1,0.9788359788359788
3BH6_1,0.900990099009901
3BHQ_1,0.9344262295081968
3BIC_1,0.9012345679012346
3BIK_1,0.9605263157894737
3BJ6_1,1.0
3BJB_1,0.9181818181818182
3BJD_1,0.9668874172185431
3BJS_1,0.8851351351351351
3BKY_1,0.9281767955801105
3BL4_1,0.9858490566037735
3BL5_1,0.9596774193548387
3BLH_1,0.9397590361445783
3BM2_1,0.9672131147540983
3BM5_1,0.9252336448598131
3BNM_1,0.9663865546218487
3BNV_1,0.9649122807017544
3BNW_3,0.8202247191011236
3BPD_2,0.9558823529411765
3BPJ_1,1.0
3BPZ_2,0.8316831683168316
3BQB_1,0.9398496240601504
3BRJ_1,0.9156626506024096
3BRQ_2,0.8014705882352942
3BRW_4,0.8018867924528302
3BT3_3,0.8102189781021898
3BTI_1,0.936
3BTV_1,0.9103448275862069
3BU2_1,0.9223300970873787
3BV6_1,0.9381107491856677
3BWG_1,0.9467455621301775
3BWL_1,0.9504950495049505
3BWO_1,0.9606741573033708
3BWU_1,0.8850574712643678
3BX1_4,0.9387755102040817
3BX7_1,0.8727272727272727
3BXJ_1,0.9310344827586207
3BYW_1,0.9295774647887324
3C0B_1,0.9065420560747663
3C0K_1,0.84
3C18_1,0.919047619047619
3C1D_3,0.8482142857142857
3C1L_1,0.918918918918919
3C1M_1,0.9356435643564357
3C24_1,0.9922779922779923
3C3W_1,0.9166666666666666
3C48_1,0.9230769230769231
3C4O_1,0.944954128440367
3C4P_1,0.9357798165137615
3C5O_1,0.9117647058823529
3C5W_1,0.9603174603174603
3C5Y_1,0.8853503184713376
3C6M_1,0.9722222222222222
3C7T_2,0.8818181818181818
3C85_1,0.9788732394366197
3C8J_9,0.8979591836734694
3CAE_1,0.9781420765027322
3CAM_1,1.0
3CAZ_1,0.961352657004831
3CBX_1,0.9509803921568627
3CC0_1,0.9130434782608695
3CDK_3,0.9310344827586207
3CDZ_1,0.9266409266409267
3CE9_1,0.8943089430894309
3CEA_2,0.9734513274336283
3CES_1,0.9323308270676691
3CEW_1,1.0
3CF0_1,0.9541984732824428
3CF2_6,0.834983498349835
3CF3_1,0.9356913183279743
3CF4_1,0.9483870967741935
3CG0_1,0.9790575916230366
3CG8_10,0.8076923076923077
3CGY_2,0.9523809523809523
3CHI_1,0.9021739130434783
3CHW_1,0.9375
3CHX_1,0.9239766081871345
3CI0_1,0.9215686274509803
3CI6_1,0.918918918918919
3CIT_1,0.9568965517241379
3CJI_1,0.9587628865979382
3CJL_1,0.9683544303797469
3CJS_1,0.8983050847457628
3CJT_3,0.8163265306122449
3CJX_1,0.8938053097345132
3CKI_1,0.8979591836734694
3CKY_1,0.9536082474226805
3CMB_1,0.9789915966386554
3CMM_1,0.935251798561151
3CNH_8,0.8076923076923077
3CPH_4,0.8108108108108109
3CQ4_1,0.9812206572769953
3CQ6_1,0.9607843137254902
3CQ9_1,0.943089430894309
3CQC_1,0.845360824742268
3CQG_1,0.9333333333333333
3CR3_1,0.9230769230769231
3CRC_1,0.9758713136729222
3CSW_1,0.9290780141843972
3CSY_1,0.9940476190476191
3CT6_2,0.8080808080808081
3CTM_1,0.9702970297029703
3CUE_1,0.9557522123893806
3CW9_1,0.8934426229508197
3CWC_1,0.925
3CX6_1,0.9224137931034483
3CX7_1,0.9256198347107438
3CX8_1,0.9186991869918699
3CYJ_2,0.9568965517241379
3CYQ_1,0.9552238805970149
3D03_1,0.9504950495049505
3D0F_2,0.8588957055214724
3D0Q_1,0.9493670886075949
3D0T_1,0.9387755102040817
3D0W_1,0.97
3D12_1,0.8918918918918919
3D1L_1,0.9831223628691983
3D3K_1,0.9492753623188406
3D3N_2,0.8210526315789474
3D46_1,0.9477124183006536
3D4I_1,0.9523809523809523
3D54_1,0.897196261682243
3D5R_9,0.9090909090909091
3D5S_7,0.8589743589743589
3D7J_5,0.9166666666666666
3D8A_1,0.9333333333333333
3D8U_3,0.8620689655172413
3D9R_4,0.8072289156626506
3D9X_1,0.9752475247524752
3DA7_2,0.8857142857142857
3DAE_10,0.8369565217391305
3DAK_1,0.9748427672955975
3DAW_1,0.9238095238095239
3DAX_2,0.918918918918919
3DB0_2,0.8235294117647058
3DBI_6,0.8099173553719008
3DC1_1,0.95
3DCA_1,0.984
3DCL_1,0.9292929292929293
3DD9_1,0.9193548387096774
3DDC_1,0.9054054054054054
3DDH_1,0.9389312977099237
3DDM_5,0.8173076923076923
3DDV_1,0.9333333333333333
3DFE_2,0.8507462686567164
3DFZ_1,0.9895287958115183
3DGE_1,0.8709677419354839
3DGP_1,0.8795180722891566
3DH7_1,0.9270833333333334
3DI2_1,0.9354838709677419
3DI3_1,0.9104477611940298
3DI4_1,0.9927007299270073
3DIE_1,1.0
3DJP_1,0.9513888888888888
3DKU_1,0.9719626168224299
3DL2_1,0.9761904761904762
3DL5_1,0.9409722222222222
3DLA_1,0.942652329749104
3DLU_5,0.8823529411764706
3DMC_1,0.9519230769230769
3DN7_1,0.8648648648648649
3DNH_1,0.8975903614457831
3DNM_1,0.8372093023255814
3DNN_1,0.9917355371900827
3DO4_2,0.8732394366197183
3DO8_1,0.875
3DOE_1,0.9222222222222223
3DOF_1,0.8571428571428571
3DP3_4,0.8863636363636364
3DP7_1,0.9717741935483871
3DPI_1,0.9700598802395209
3DPY_1,0.963855421686747
3DQG_1,0.9689922480620154
3DR4_1,0.9392265193370166
3DRX_1,0.972027972027972
3DSB_1,0.9633507853403142
3DSN_1,0.8958333333333334
3DTJ_1,0.8524590163934426
3DTN_1,0.9058823529411765
3DTO_4,0.8130841121495327
3DTT_2,0.8346456692913385
3DUG_6,0.8809523809523809
3DUK_9,0.8018867924528302
3DVP_5,0.8076923076923077
3DWG_1,0.92
3DZ2_1,0.9704142011834319
3DZA_1,0.95
3DZC_1,0.875
3DZM_1,0.821917808219178
3E0L_1,0.9213483146067416
3E17_1,1.0
3E18_1,0.9512195121951219
3E19_6,1.0
3E1V_1,0.9557522123893806
3E1Z_1,0.8709677419354839
3E2D_1,0.9763513513513513
3E2K_1,0.9099099099099099
3E2L_1,0.911504424778761
3E38_5,0.8933333333333333
3E40_5,0.811965811965812
3E48_1,0.872093023255814
3E5B_1,0.978021978021978
3E5P_1,0.9601593625498008
3E5U_1,0.888235294117647
3E6M_1,0.9567567567567568
3E7L_1,0.9142857142857143
3E96_1,0.9104477611940298
3E98_1,0.9083333333333333
3E9I_1,0.9439252336448598
3E9M_2,0.8389830508474576
3EBN_1,0.983957219251337
3ECS_1,0.8728813559322034
3ECY_1,0.9532710280373832
3EDJ_1,0.9461538461538461
3EDM_4,0.8055555555555556
3EDP_1,0.8541666666666666
3EEY_1,0.9239130434782609
3EF2_1,0.9107142857142857
3EFY_10,0.9416058394160584
3EFZ_1,0.9328859060402684
3EG5_1,0.8541666666666666
3EGG_3,0.8807947019867549
3EGH_2,0.8223684210526315
3EGR_7,0.8170731707317073
3EGV_1,0.9534883720930233
3EH0_1,0.943089430894309
3EH2_1,0.9111111111111111
3EH4_1,0.9485981308411215
3EHF_3,0.8106060606060606
3EHK_1,0.9282051282051282
3EIQ_1,0.9051724137931034
3EJO_2,0.8048780487804879
3EMJ_9,0.9016393442622951
3EMK_2,0.9338235294117647
3EMO_1,0.9732620320855615
3EN0_1,0.9596774193548387
3EO8_1,0.9826388888888888
3EPN_1,0.949238578680203
3EPW_1,0.970873786407767
3EPY_1,1.0
3ER6_1,0.923728813559322
3ERW_2,0.9
3ES5_1,0.9726443768996961
3ES8_2,0.8934426229508197
3ETB_8,0.8235294117647058
3EUA_1,0.9253731343283582
3EUC_1,0.9494584837545126
3EUK_1,0.8727272727272727
3EUL_1,0.8709677419354839
3EUS_1,0.948051948051948
3EVY_6,0.8775510204081632
3EW2_2,0.8125
3EW3_1,0.945054945054945
3EYB_10,0.9473684210526315
3EZ0_1,0.8372093023255814
3EZ6_1,0.9494949494949495
3EZJ_1,0.935064935064935
3EZQ_1,0.9514563106796117
3EZY_4,0.8715596330275229
3F0N_1,0.93
3F1I_1,0.9354838709677419
3F1P_1,0.9468085106382979
3F3S_1,0.9967741935483871
3F4C_1,0.9194630872483222
3F4N_1,0.9770114942528736
3F51_1,0.9375
3F5M_1,0.9518518518518518
3F62_1,0.8767123287671232
3F65_4,0.8507462686567164
3F6O_1,0.9191919191919192
3F6W_1,0.9367088607594937
3F6Z_1,0.956989247311828
3F75_1,0.926605504587156
3F7G_1,0.9423076923076923
3F8F_1,0.916030534351145
3F8H_1,0.9805825242718447
3F8X_1,0.9222222222222223
3F90_2,0.8253968253968254
3FA4_1,0.9466019417475728
3FA9_2,0.9152542372881356
3FAU_3,0.8028169014084507
3FBI_1,0.9411764705882353
3FBZ_1,0.9307692307692308
3FCG_1,0.948051948051948
3FCS_1,0.9156626506024096
3FD4_1,0.95
3FEF_3,0.8282828282828283
3FF8_2,0.9298245614035088
3FFK_1,0.9329268292682927
3FFU_7,0.8313253012048193
3FG8_3,0.8904109589041096
3FGT_1,0.9473684210526315
3FIL_3,0.8305084745762712
3FJG_1,0.9701492537313433
3FJK_4,0.85
3FJS_1,0.928
3FJU_3,0.9047619047619048
3FK9_2,0.8105263157894737
3FKF_1,0.9454545454545454
3FKH_1,0.8888888888888888
3FL1_1,0.9508196721311475
3FLD_1,0.949748743718593
3FLO_1,0.9595375722543352
3FLP_1,0.8947368421052632
3FMA_1,0.953125
3FMB_1,0.9743589743589743
3FMT_1,0.8924731182795699
3FN1_1,0.8674698795180723
3FN2_1,0.9943502824858758
3FOC_3,0.9635036496350365
3FOK_1,0.9366197183098591
3FP6_2,0.9122807017543859
3FPR_1,0.9066666666666666
3FPT_2,0.9538461538461539
3FPU_1,0.9607843137254902
3FPV_1,0.9895833333333334
3FRW_1,1.0
3FRY_1,0.9761904761904762
3FSN_1,0.9375
3FUY_1,0.9365079365079365
3FVM_1,0.9209039548022598
3FVU_1,0.9678899082568807
3FWC_1,0.8367346938775511
3FWE_1,0.9696969696969697
3FWS_1,0.8943661971830986
3FXA_1,0.958974358974359
3FXT_2,0.8181818181818182
3FY6_1,0.9230769230769231
3FYB_1,0.9859154929577465
3FYF_1,0.9090909090909091
3FZ0_2,0.8666666666666667
3FZ3_2,0.9583333333333334
3FZ7_1,0.9828080229226361
3G0F_1,0.9357142857142857
3G0I_1,0.8742857142857143
3G13_1,0.9021739130434783
3G14_1,0.9166666666666666
3G16_1,0.9352941176470588
3G1W_2,0.825
3G1Z_1,0.9698492462311558
3G2E_1,1.0
3G2O_1,0.957983193277311
3G33_6,0.8736842105263158
3G3A_1,0.9333333333333333
3G3B_1,0.8552631578947368
3G3R_1,0.9230769230769231
3G3Z_1,1.0
3G5N_1,0.989247311827957
3G5W_1,0.8920863309352518
3G6J_1,0.9005524861878453
3G7K_1,0.9612903225806452
3G8E_1,0.9754601226993865
3G8L_1,0.990909090909091
3G8Q_1,0.9602649006622517
3G8R_1,0.9655172413793104
3G9A_4,0.8939393939393939
3G9K_1,0.9846153846153847
3G9V_1,0.8918918918918919
3GAA_2,0.945054945054945
3GAG_1,0.9718875502008032
3GAS_1,0.9342723004694836
3GBN_1,0.9230769230769231
3GBU_1,0.8556701030927835
3GC3_3,0.9361702127659575
3GDH_1,0.8933333333333333
3GFA_1,0.9873949579831933
3GFD_1,0.993421052631579
3GFK_1,0.9230769230769231
3GFU_1,0.9594594594594594
3GG8_8,0.9178082191780822
3GGJ_7,0.9027777777777778
3GIF_1,0.9709302325581395
3GJB_1,0.9302325581395349
3GJO_1,0.9130434782608695
3GJZ_1,0.926829268292683
3GL1_1,0.950354609929078
3GL9_7,0.9038461538461539
3GLC_1,0.9733333333333334
3GMJ_7,0.9879518072289156
3GMW_1,0.9357798165137615
3GNI_1,0.9657142857142857
3GNJ_3,0.8064516129032258
3GOR_2,0.8533333333333334
3GOX_1,0.9809523809523809
3GPG_10,0.9166666666666666
3GQB_1,0.9735449735449735
3GQH_2,0.9176470588235294
3GQI_1,0.8076923076923077
3GRZ_9,0.8020833333333334
3GSD_1,0.9393939393939394
3GT8_1,0.9538461538461539
3GTY_1,0.9215686274509803
3GU3_1,0.8857142857142857
3GUY_2,0.9066666666666666
3GVI_3,0.8076923076923077
3GW6_1,0.9863013698630136
3GWH_1,0.9732620320855615
3GWL_1,0.9411764705882353
3GWN_3,0.8018867924528302
3GWR_5,0.8105263157894737
3GWY_1,0.9444444444444444
3GXG_10,0.9390243902439024
3GXU_1,0.8932038834951457
3GXW_3,0.835820895522388
3GXX_1,0.875
3GXY_1,1.0
3GYD_1,0.9874213836477987
3GZ1_1,0.9083333333333333
3GZ2_1,0.967741935483871
3GZR_1,0.896774193548387
3H0L_1,0.9836956521739131
3H0Q_7,0.9702970297029703
3H2V_7,0.9642857142857143
3H35_1,0.9727272727272728
3H3B_1,0.9620253164556962
3H42_4,0.9183673469387755
3H4E_1,0.8947368421052632
3H4S_1,0.9936305732484076
3H6G_1,0.8811188811188811
3H6H_1,0.8661971830985915
3H6K_1,0.898876404494382
3H6S_3,0.8953488372093024
3H77_1,0.9338842975206612
3H7W_1,0.881578947368421
3H83_3,0.8017241379310345
3H87_1,1.0
3H8G_2,0.8785046728971962
3H8L_1,0.8518518518518519
3H90_1,0.9701492537313433
3H9J_1,0.9479553903345725
3HA4_1,0.9024390243902439
3HB1_1,0.9538461538461539
3HD5_1,0.918918918918919
3HDH_1,0.9624060150375939
3HDI_1,0.9733333333333334
3HDJ_3,0.84251968503937
3HE3_1,0.9203539823008849
3HEF_2,0.9071428571428571
3HF5_1,0.9928057553956835
3HG0_1,0.9420289855072463
3HG9_1,0.9555555555555556
3HGU_1,0.8074534161490683
3HH0_1,0.9433962264150944
3HHH_1,0.9894736842105263
3HHI_2,0.9811320754716981
3HHJ_1,0.9047619047619048
3HHW_1,0.9366515837104072
3HI0_1,0.9353233830845771
3HI1_7,0.9361702127659575
3HIE_1,0.9829059829059829
3HIF_1,0.9534883720930233
3HIM_1,0.8699186991869918
3HJ5_1,0.9844559585492227
3HJP_1,0.8441558441558441
3HJU_2,0.9285714285714286
3HKB_1,0.8660714285714286
3HKL_1,0.9333333333333333
3HL4_1,0.9172932330827067
3HL6_5,0.8333333333333334
3HLN_1,0.9120879120879121
3HM8_5,0.896551724137931
3HN6_2,0.8837209302325582
3HO7_1,0.8931297709923665
3HP3_1,1.0
3HPK_1,0.9318181818181818
3HPN_1,0.9572649572649573
3HQA_3,0.8169014084507042
3HQI_1,0.9631336405529954
3HR7_1,0.9444444444444444
3HRQ_1,0.8780487804878049
3HS2_1,0.91
3HS3_1,0.9217391304347826
3HSE_1,0.9724137931034482
3HSH_2,0.9402985074626866
3HT2_1,0.9224806201550387
3HT4_2,0.9194630872483222
3HTA_1,0.950354609929078
3HTR_1,0.9711538461538461
3HUG_1,0.9693877551020408
3HV0_2,0.822429906542056
3HWC_2,0.9205607476635514
3HWP_1,0.883495145631068
3HXJ_1,0.8608695652173913
3HXS_1,0.9645390070921985
3HY2_1,0.967741935483871
3HZ4_1,0.9385964912280702
3HZO_1,0.9736842105263158
3I04_1,0.9362416107382551
3I08_1,1.0
3I2B_5,0.88
3I38_1,0.9922480620155039
3I3W_1,0.898989898989899
3I54_1,0.9609375
3I6P_1,0.9861111111111112
3I71_1,1.0
3I7F_1,0.9636871508379888
3I84_1,0.8970588235294118
3I9S_1,0.9819004524886877
3IA0_1,0.946236559139785
3IA3_1,0.9666666666666667
3IA8_1,0.8849557522123894
3IAU_4,0.9436619718309859
3IB6_1,0.8860759493670886
3IBM_1,0.9513888888888888
3IBR_1,0.8760330578512396
3IC3_1,0.9828571428571429
3IC5_2,0.9710144927536232
3IDF_1,0.9523809523809523
3IF4_1,1.0
3IF8_1,0.9819819819819819
3IFQ_1,0.9591836734693877
3IFS_1,0.9662337662337662
3IGF_1,0.902127659574468
3IGM_1,0.9732142857142857
3II0_1,0.9698795180722891
3IIC_1,0.9310344827586207
3IIF_2,0.9302325581395349
3IJ6_1,0.9338842975206612
3IKO_1,0.9386503067484663
3IL2_1,0.984375
3IL4_1,0.9579439252336449
3IML_1,0.9230769230769231
3IMQ_1,0.8974358974358975
3IN6_3,0.8396946564885496
3IO1_1,0.9590163934426229
3IOY_1,0.9772727272727273
3IQ2_2,0.9230769230769231
3IQE_2,0.8160919540229885
3IR5_1,0.9604395604395605
3IRB_1,0.9134615384615384
3ISL_1,0.9380952380952381
3ISM_1,0.9181818181818182
3IT4_1,0.9479166666666666
3IUI_1,0.9021739130434783
3IUW_1,0.9846153846153847
3IVP_1,0.9655172413793104
3IWC_1,1.0
3IX1_3,0.8842105263157894
3IX7_1,0.9444444444444444
3IX8_1,0.9024390243902439
3IXE_1,0.9230769230769231
3IZ0_1,0.9731182795698925
3JRQ_3,0.9
3JSJ_1,0.910958904109589
3JSK_1,0.9781021897810219
3JTX_1,0.9558011049723757
3JU8_1,0.9478527607361963
3JVF_1,0.9617834394904459
3JVZ_2,0.8461538461538461
3JX9_1,0.8992805755395683
3JXO_1,0.9213483146067416
3JZA_1,0.9435483870967742
3JZD_1,0.8913043478260869
3K0F_1,0.8993055555555556
3K0Z_1,0.8602150537634409
3K1I_1,0.9342105263157895
3K1R_1,0.979381443298969
3K25_1,0.9318181818181818
3K2M_1,0.8387096774193549
3K2W_1,0.9363636363636364
3K33_3,0.9183673469387755
3K39_2,0.9781021897810219
3K3C_1,1.0
3K3P_1,0.9451219512195121
3K4G_1,0.9710144927536232
3K4W_1,0.9402985074626866
3K53_6,0.9042553191489362
3K55_1,0.9948979591836735
3K5H_2,0.8129032258064516
3K67_1,0.976303317535545
3K6E_1,0.9652777777777778
3K6Q_1,0.9539473684210527
3K74_5,0.9836065573770492
3K7S_1,0.9022556390977443
3K80_2,0.9354838709677419
3K90_9,0.8285714285714286
3KAJ_1,0.8807339449541285
3KAS_1,0.9102564102564102
3KBO_1,0.9328358208955224
3KBT_1,0.8571428571428571
3KCP_1,0.8734177215189873
3KCV_1,0.9411764705882353
3KDG_1,0.9052631578947369
3KDO_1,0.9430379746835443
3KDQ_1,0.9095744680851063
3KE2_1,0.9032258064516129
3KG8_1,0.8656716417910447
3KH1_1,0.9161290322580645
3KH2_1,0.9117647058823529
3KH8_1,0.8198198198198198
3KHH_3,0.9382716049382716
3KIN_1,0.9473684210526315
3KK4_1,0.9894736842105263
3KKD_1,0.9182389937106918
3KKI_1,0.9488817891373802
3KMH_1,0.9655172413793104
3KML_1,0.9292929292929293
3KMT_1,0.9294117647058824
3KNB_1,0.8873239436619719
3KNW_1,0.916030534351145
3KPH_1,0.9950980392156863
3KQZ_2,0.905982905982906
3KTC_2,0.9461077844311377
3KTM_1,0.9708029197080292
3KU4_1,0.9337016574585635
3KU5_1,0.9631336405529954
3KUC_2,0.9074074074074074
3KUD_6,0.8214285714285714
3KUR_1,0.9491525423728814
3KVZ_1,0.9880952380952381
3KW0_1,0.8888888888888888
3KW5_1,0.9387755102040817
3KWV_1,0.8837209302325582
3KXE_1,0.9320388349514563
3KY8_1,0.8852459016393442
3KYI_1,0.8275862068965517
3KZH_2,0.9369369369369369
3KZI_1,0.9285714285714286
3L0I_5,0.8134328358208955
3L0W_1,1.0
3L18_1,0.9180327868852459
3L2B_1,0.8740157480314961
3L2H_1,0.9440559440559441
3L31_1,0.95
3L34_1,0.9333333333333333
3L7T_1,0.9709302325581395
3L8A_1,0.953757225433526
3L9F_1,0.9613259668508287
3L9J_1,0.9230769230769231
3L9W_1,0.9362416107382551
3LA2_1,0.9577464788732394
3LA6_1,0.9805825242718447
3LA7_1,0.9274193548387096
3LAQ_1,0.952
3LB5_2,0.8367346938775511
3LB6_1,0.8620689655172413
3LB8_10,0.8053097345132744
3LBS_1,0.9405940594059405
3LBX_2,0.8151260504201681
3LCB_1,0.9629629629629629
3LED_1,0.9605263157894737
3LEV_1,0.9361702127659575
3LFR_1,0.9509803921568627
3LGS_1,0.9507042253521126
3LH2_1,0.9923076923076923
3LHR_1,0.8518518518518519
3LHX_1,0.9047619047619048
3LIS_1,0.8924731182795699
3LJL_1,0.9456521739130435
3LJQ_1,0.8692307692307693
3LK4_1,0.9878048780487805
3LKU_1,0.9872611464968153
3LL4_1,0.9407407407407408
3LLK_5,0.9494949494949495
3LLS_1,0.9877800407331976
3LMA_1,0.8858695652173914
3LMS_1,0.9166666666666666
3LNL_1,1.0
3LO3_1,0.9166666666666666
3LOR_4,0.9772727272727273
3LOT_1,0.9107142857142857
3LOU_1,0.9655172413793104
3LQ6_1,0.9146341463414634
3LRC_1,0.8471337579617835
3LRJ_1,0.9130434782608695
3LRQ_6,0.8152173913043478
3LRU_1,0.9576719576719577
3LSB_1,0.9723502304147466
3LSJ_1,0.9345238095238095
3LTE_1,0.9696969696969697
3LTF_1,0.9248554913294798
3LUB_2,0.953757225433526
3LVY_1,0.9194630872483222
3LW7_1,0.9090909090909091
3LWF_1,1.0
3LYH_1,0.9673202614379085
3LYQ_1,0.9621212121212122
3M0Z_5,0.8061224489795918
3M18_1,0.9139784946236559
3M1A_1,0.953307392996109
3M1I_1,0.9043478260869565
3M1L_1,0.9166666666666666
3M2T_2,0.9734513274336283
3M4W_9,0.8076923076923077
3M5K_1,0.9848484848484849
3M5R_6,0.8494623655913979
3M5W_2,0.8560606060606061
3M65_1,0.9834710743801653
3M6N_1,0.8275862068965517
3M84_1,0.9592760180995475
3M8A_2,0.8020833333333334
3M8E_1,0.9896907216494846
3M8F_1,0.9540229885057471
3M8J_4,0.9516129032258065
3M92_1,0.968
3MA2_2,0.9146341463414634
3MAL_1,0.8974358974358975
3MAS_1,0.9813664596273292
3MAU_1,0.9866666666666667
3MC0_1,0.9014084507042254
3MCA_1,0.865546218487395
3MCZ_1,0.9433198380566802
3MDO_1,0.9534883720930233
3MDW_1,0.8968609865470852
3ME4_1,0.8198198198198198
3MEN_2,0.8175182481751825
3MEX_1,0.9712643678160919
3MF0_1,0.9261083743842364
3MF1_1,0.9609756097560975
3MGX_2,0.9302325581395349
3MHF_1,0.8356164383561644
3MHS_1,0.959731543624161
3MIL_1,0.9629629629629629
3MJ7_1,0.9230769230769231
3MJK_1,0.9405405405405406
3MJO_1,0.9212962962962963
3MJQ_1,0.95
3MKQ_1,0.9393939393939394
3MKR_1,0.9766355140186916
3ML6_2,0.9393939393939394
3MLI_1,0.88
3MMA_1,0.9785714285714285
3MMC_3,0.8811188811188811
3MMP_1,0.9230769230769231
3MO4_1,0.8918918918918919
3MPO_1,0.9622641509433962
3MQ0_1,0.9485714285714286
3MQH_2,0.8775510204081632
3MQW_3,1.0
3MT1_1,0.9545454545454546
3MTS_1,0.9649122807017544
3MVP_1,0.9147286821705426
3MWE_1,0.9367088607594937
3MXN_1,0.9326923076923077
3MZG_3,0.8556701030927835
3MZO_1,0.9025974025974026
3MZW_1,0.9305555555555556
3N05_1,0.9540229885057471
3N06_1,0.9090909090909091
3N0P_1,0.9090909090909091
3N0V_3,0.9466666666666667
3N10_1,0.9444444444444444
3N29_1,0.9767441860465116
3N2L_2,0.801980198019802
3N2O_1,0.9704641350210971
3N2S_1,0.9810126582278481
3N3D_1,0.9104477611940298
3N40_1,0.9469026548672567
3N44_1,0.8548387096774194
3N4I_1,0.9459459459459459
3N4S_6,0.8260869565217391
3N50_1,0.9806451612903225
3N5C_1,0.967391304347826
3N5Z_1,0.9807692307692307
3N6Q_1,0.8518518518518519
3N6V_1,0.9555555555555556
3N75_6,0.8979591836734694
3N7R_1,0.9054054054054054
3N84_1,0.9696969696969697
3N9X_1,0.9403973509933775
3NAP_6,0.8106060606060606
3NAU_1,0.9223300970873787
3NBS_1,0.9875776397515528
3NBT_1,0.989010989010989
3NCB_1,0.9166666666666666
3NCC_2,0.81
3NCT_1,0.9711538461538461
3NCY_1,0.9226190476190477
3NDH_1,0.9385474860335196
3NEK_1,0.8947368421052632
3NFC_1,0.9324324324324325
3NFW_1,0.98046875
3NGZ_1,0.8793103448275862
3NHV_1,0.8636363636363636
3NJ2_5,0.8305084745762712
3NJA_1,0.9696969696969697
3NJC_1,0.9637681159420289
3NJH_1,0.9285714285714286
3NK3_1,0.9902912621359223
3NKH_5,0.8307692307692308
3NKZ_1,0.9341317365269461
3NL2_6,0.967741935483871
3NM7_1,0.9838709677419355
3NMZ_1,0.9478260869565217
3NN2_1,0.9478260869565217
3NND_1,0.9695431472081218
3NO7_1,0.9722222222222222
3NOQ_1,0.9398907103825137
3NOY_1,0.8834355828220859
3NQO_1,0.9856459330143541
3NR1_1,0.9278350515463918
3NRJ_1,0.9634146341463414
3NRT_1,0.9210526315789473
3NRV_1,0.9946808510638298
3NS1_1,0.9576271186440678
3NS6_7,0.8541666666666666
3NTE_1,0.9298245614035088
3NTQ_1,0.8495575221238938
3NUI_1,0.9384615384615385
3NUT_1,0.9414634146341463
3NV8_1,0.9285714285714286
3NVA_1,0.9230769230769231
3NVI_2,0.8134328358208955
3NVN_7,0.8809523809523809
3NVV_1,0.9795918367346939
3NWL_3,0.9312169312169312
3NWS_1,0.8673469387755102
3NXZ_1,0.9240506329113924
3NYB_1,0.8943089430894309
3NYM_1,0.9591836734693877
3NYN_1,0.9847328244274809
3NZP_1,0.9806034482758621
3O0E_2,0.9925373134328358
3O0L_1,0.925531914893617
3O0N_1,0.9421487603305785
3O0R_1,0.967741935483871
3O10_1,0.8727272727272727
3O2I_1,0.9693251533742331
3O2X_9,0.9156626506024096
3O3M_1,0.9813664596273292
3O3P_1,0.9776785714285714
3O3W_2,0.9552238805970149
3O5C_1,0.903448275862069
3O61_1,0.9715639810426541
3O6B_2,0.9444444444444444
3O6Q_1,0.9072164948453608
3O78_1,0.977491961414791
3O7X_3,0.9069767441860465
3O91_5,0.8351648351648352
3O9L_1,0.9230769230769231
3OBA_1,0.9081081081081082
3OBK_2,0.957345971563981
3OC3_1,0.9620253164556962
3OCD_1,0.958904109589041
3ODM_1,0.8470588235294118
3OEU_1,0.9607843137254902
3OGF_2,0.9789473684210527
3OGH_2,0.8016528925619835
3OGI_1,0.9313725490196079
3OHM_1,0.8983050847457628
3OJ2_1,0.9572649572649573
3OJ8_1,0.8787878787878788
3OJA_1,0.9688385269121813
3OJI_6,0.8902439024390244
3OJJ_2,0.9279279279279279
3OJM_1,0.9428571428571428
3OKJ_1,0.9210526315789473
3OKY_1,0.9166666666666666
3OL2_2,0.9562043795620438
3OL3_1,0.9242424242424242
3OLM_1,0.9117647058823529
3OM1_1,0.9272727272727272
3OMT_1,0.8695652173913043
3ON3_1,0.8625
3ON5_2,0.8156424581005587
3ONA_2,0.85
3OOQ_1,0.9259259259259259
3OPC_1,0.9637096774193549
3OQB_1,0.9778761061946902
3OQP_1,0.9567901234567902
3OR1_1,0.9846938775510204
3OR3_1,0.941747572815534
3OSL_1,0.9090909090909091
3OSY_1,0.8863636363636364
3OT4_1,0.9197530864197531
3OTE_1,0.9210526315789473
3OUO_1,0.8785714285714286
3OV3_1,0.9658536585365853
3OX6_3,0.8369565217391305
3OXO_1,0.9510869565217391
3OYF_1,0.9172932330827067
3OZB_1,0.9578947368421052
3OZM_1,0.9724137931034482
3P01_1,0.8613861386138614
3P0X_2,0.9119496855345912
3P4G_2,0.8014184397163121
3P52_1,0.9441340782122905
3P71_1,0.9491525423728814
3P83_8,0.873015873015873
3P8B_1,0.9340659340659341
3P92_5,0.9027777777777778
3P95_1,0.9545454545454546
3P9I_1,0.9383561643835616
3P9Q_1,0.9712389380530974
3P9T_1,0.9455782312925171
3P9W_1,0.96
3PCC_1,0.9747899159663865
3PCQ_2,0.9914529914529915
3PFD_1,0.9337748344370861
3PFO_1,0.9714285714285714
3PH0_1,0.8831168831168831
3PH1_1,0.9489795918367347
3PHA_1,0.911504424778761
3PHF_1,0.9588235294117647
3PHT_1,0.9357798165137615
3PIG_1,0.9173553719008265
3PIM_1,0.9181818181818182
3PJA_1,0.9302325581395349
3PJN_1,0.8837209302325582
3PJS_5,0.8503937007874016
3PJV_1,0.9789029535864979
3PJZ_1,0.8860103626943006
3PKZ_3,0.8936170212765957
3PL0_1,0.8651685393258427
3PND_1,0.9103448275862069
3PNK_1,0.9659090909090909
3PNR_1,0.9439252336448598
3PPE_2,0.8829787234042553
3PR7_1,0.9838187702265372
3PRB_2,0.9642857142857143
3PRP_1,0.9555555555555556
3PS4_1,0.95
3PUV_1,0.9542682926829268
3PVR_1,0.9375
3PVS_1,0.9761904761904762
3PWS_1,0.9481865284974094
3PYI_6,0.9565217391304348
3PYY_5,0.8829787234042553
3Q0V_1,0.9328358208955224
3Q1P_1,0.9541284403669725
3Q31_1,0.9539473684210527
3Q3Y_1,0.8333333333333334
3Q4H_1,0.9324324324324325
3Q4U_9,0.8148148148148148
3Q58_1,0.9310344827586207
3Q6A_1,0.9135802469135802
3Q6D_1,0.8849557522123894
3Q6I_1,0.9403669724770642
3Q6J_1,0.9653179190751445
3Q7G_1,0.9570552147239264
3Q7H_1,0.9253731343283582
3Q87_9,0.8295454545454546
3Q9C_1,0.9050632911392406
3Q9D_1,0.9771428571428571
3Q9N_1,0.8904109589041096
3Q9U_1,0.9285714285714286
3QB2_1,0.9490445859872612
3QBU_1,0.9407894736842105
3QBX_1,0.8297872340425532
3QC8_1,0.8857142857142857
3QC9_3,0.9625
3QDK_1,0.9217877094972067
3QFM_1,0.9586776859504132
3QHA_1,0.98828125
3QHT_1,0.9545454545454546
3QHY_1,0.9117647058823529
3QIT_1,0.9596774193548387
3QKW_1,0.9326923076923077
3QLU_5,0.8251748251748252
3QMW_4,0.8441558441558441
3QNA_2,0.8888888888888888
3QNW_1,0.9577464788732394
3QOE_1,0.9595015576323987
3QP8_1,0.883495145631068
3QQ0_1,0.8787878787878788
3QQ2_7,0.9240506329113924
3QQ8_1,0.8787878787878788
3QQW_3,0.8625
3QR1_2,0.9197080291970803
3QRF_1,0.9868421052631579
3QT6_1,0.9518072289156626
3QTA_1,0.8804347826086957
3QTH_1,0.9214285714285714
3QTY_1,0.9424083769633508
3QVI_1,0.9925093632958801
3QW2_1,0.9431818181818182
3QX3_1,0.8524590163934426
3QYF_1,0.9113924050632911
3QYQ_1,0.8715596330275229
3R0Q_1,0.9060402684563759
3R1X_3,0.831081081081081
3R2J_1,0.8877551020408163
3R3S_1,0.9202453987730062
3R3W_4,0.8064516129032258
3R45_1,0.9787234042553191
3R4K_1,0.9726027397260274
3R4O_1,0.925531914893617
3R4Q_1,0.9698795180722891
3R5X_1,0.9217391304347826
3R6A_1,0.8387096774193549
3R6M_1,0.9315068493150684
3R6Q_2,0.900497512437811
3R74_1,0.9727272727272728
3R75_1,0.9285714285714286
3R84_1,0.9455782312925171
3R8K_6,0.9066666666666666
3R8W_1,0.9631901840490797
3R8Y_1,0.8759124087591241
3RBL_1,0.946969696969697
3RBX_1,0.9855072463768116
3REB_1,0.92
3REP_1,0.9210526315789473
3RF1_1,0.9278846153846154
3RF6_1,0.8947368421052632
3RFH_5,0.81
3RGB_1,0.9381443298969072
3RGU_1,0.9696969696969697
3RGV_1,0.9788359788359788
3RH7_1,0.9496124031007752
3RH8_2,0.8144329896907216
3RHF_3,0.9
3RHT_1,0.9530201342281879
3RHU_1,0.9436619718309859
3RIS_2,0.9076923076923077
3RJR_1,0.9918256130790191
3RLQ_1,0.8769230769230769
3RM5_1,0.9817767653758542
3RMR_2,0.9574468085106383
3RMU_1,0.9235668789808917
3RPF_1,0.9433962264150944
3RPG_1,0.9785714285714285
3RPX_8,0.8484848484848485
3RRI_1,0.9357142857142857
3RRL_1,0.9155844155844156
3RRT_1,0.9955947136563876
3RSI_1,0.9631728045325779
3RT0_1,0.9333333333333333
3RTY_1,0.9918367346938776
3RUW_1,0.9169811320754717
3RV0_1,0.9832402234636871
3RV2_1,0.8823529411764706
3RV5_2,0.8518518518518519
3RVZ_3,0.9295774647887324
3RZW_1,0.9111111111111111
3S19_1,0.9423076923076923
3S1J_7,0.8194444444444444
3S1M_1,0.9022556390977443
3S28_1,0.8709677419354839
3S2D_1,0.9444444444444444
3S55_2,0.9
3S5B_1,0.9026548672566371
3S5R_1,0.9455445544554455
3S5U_1,0.9662162162162162
3S6L_1,0.9631901840490797
3S8V_1,0.9690721649484536
3S97_1,0.9305555555555556
3SB1_1,0.952054794520548
3SBQ_1,0.9586374695863747
3SCH_2,0.9453551912568307
3SE7_1,0.935064935064935
3SF5_1,0.9152542372881356
3SF8_1,0.8706896551724138
3SGK_1,0.9397590361445783
3SGQ_2,0.9420289855072463
3SJV_1,0.9318181818181818
3SK2_1,0.9870967741935484
3SL7_1,0.926829268292683
3SM1_6,0.8189655172413793
3SN6_4,0.8699186991869918
3SO5_3,0.9253731343283582
3SPS_2,0.9487179487179487
3SQL_1,0.9289099526066351
3SQN_1,0.9558232931726908
3SSM_3,0.8194444444444444
3SSN_7,0.9
3STB_1,0.96
3SVK_1,0.9026548672566371
3SVR_3,0.9135802469135802
3SXM_6,0.8088235294117647
3SXY_1,0.9777777777777777
3SYL_3,0.8636363636363636
3SZP_1,0.9013157894736842
3T04_4,0.8545454545454545
3T07_2,0.8342541436464088
3T1B_8,0.8195488721804511
3T1F_1,0.95
3T1Q_1,0.9032258064516129
3T30_2,0.9285714285714286
3T38_1,0.8956521739130435
3T3A_10,0.864406779661017
3T3X_2,0.9615384615384616
3T4E_3,0.8111111111111111
3T4N_1,0.9375
3T5P_4,0.8253968253968254
3T6G_1,0.8877551020408163
3T88_1,0.9508196721311475
3T89_2,0.9158878504672897
3T8E_1,0.9615384615384616
3T8L_1,0.908675799086758
3T91_1,0.9922480620155039
3TA1_1,0.9375
3TAC_1,0.8367346938775511
3TAI_1,0.9419795221843004
3TDK_1,0.9337016574585635
3TDM_1,0.9299363057324841
3TEO_1,0.975103734439834
3TG1_3,0.9375
3TG9_1,0.8222222222222222
3TGK_1,0.9629629629629629
3TGN_1,1.0
3THA_1,0.9172413793103448
3THX_1,0.9548022598870056
3TIX_1,0.9831460674157303
3TJB_1,0.9333333333333333
3TJR_1,0.958904109589041
3TK1_1,0.9722222222222222
3TKL_1,0.9009009009009009
3TKR_1,0.8958333333333334
3TL3_1,0.9019607843137255
3TL8_1,0.8803418803418803
3TMK_3,0.8072289156626506
3TNF_1,0.9154929577464789
3TO3_2,0.8081395348837209
3TOS_1,0.9565217391304348
3TOZ_3,0.926829268292683
3TPU_1,0.9890710382513661
3TQC_1,0.9421052631578948
3TQT_1,0.9447236180904522
3TQY_7,0.822429906542056
3TRJ_1,0.9361702127659575
3TS3_1,0.9281437125748503
3TS8_1,0.8913043478260869
3TSR_2,0.9071428571428571
3TTX_1,0.9919354838709677
3TU3_5,0.8376068376068376
3TUZ_1,0.9307692307692308
3TV3_1,0.9611111111111111
3TW8_1,0.9245283018867925
3TW9_1,0.9428571428571428
3TWO_1,0.9285714285714286
3TXQ_2,0.9806451612903225
3TY6_1,0.8688524590163934
3TY7_1,0.9182389937106918
3U02_2,0.8415841584158416
3U0H_1,0.9166666666666666
3U1D_1,0.8545454545454545
3U2E_1,0.8571428571428571
3U33_1,0.9037037037037037
3U43_1,0.9104477611940298
3U52_1,0.9877300613496932
3U5T_2,0.957983193277311
3U60_1,0.9396984924623115
3UDB_1,0.9753086419753086
3UDI_1,0.9547738693467337
3UGV_1,0.9339622641509434
3UIN_1,0.9215686274509803
3UIR_7,0.8928571428571429
3UJ2_2,0.9565217391304348
3UJG_1,0.875
3UK7_1,0.8602150537634409
3UKV_1,0.9029850746268657
3UL4_1,0.9710144927536232
3ULQ_1,0.8695652173913043
3UO2_2,0.8367346938775511
3UPT_1,0.9470404984423676
3UX9_1,0.8933333333333333
3UYO_1,0.9390243902439024
3UYP_1,0.9113924050632911
3UZ0_6,0.8507462686567164
3UZE_1,0.9420289855072463
3UZP_1,0.9716981132075472
3UZV_1,0.922077922077922
3V3K_1,0.9578947368421052
3V5N_5,0.8043478260869565
3V96_1,0.9619047619047619
3VCB_2,0.8795180722891566
3VG8_2,0.8347826086956521
3VGK_1,0.9419354838709677
3VH0_1,0.8939393939393939
3VH3_1,0.9545454545454546
3VPJ_1,0.9368421052631579
3VV2_5,0.8131868131868132
3VYR_6,0.851063829787234
3W8H_1,0.984
3W8I_1,0.9911504424778761
3WA5_6,0.9565217391304348
3WDG_1,0.9101123595505618
3WKT_2,0.8214285714285714
3WO3_1,0.9622641509433962
3WQB_1,0.9347826086956522
3WRX_3,0.9420289855072463
3WWN_2,0.8617021276595744
3ZET_5,0.8198198198198198
3ZEU_1,0.8981481481481481
3ZNZ_1,0.9538461538461539
3ZQP_2,0.8421052631578947
3ZRX_1,0.9633507853403142
3ZTG_1,0.92
3ZU7_2,0.8648648648648649
3ZUP_7,0.8484848484848485
3ZUV_2,0.8529411764705882
3ZVQ_1,0.9918032786885246
3ZXQ_1,0.9952380952380953
3ZYJ_2,0.8717948717948718
3ZYL_1,0.9120879120879121
3ZZV_1,0.8974358974358975
4AFQ_1,0.9156626506024096
4AG2_1,0.8554216867469879
4APF_1,0.945054945054945
4AQE_5,0.9166666666666666
4AYD_1,0.9357798165137615
4AYE_1,0.9338842975206612
4AYI_1,0.9166666666666666
4BFI_10,0.9102564102564102
4BKX_1,0.94
4BPX_1,0.9696969696969697
4BYF_1,0.9618320610687023
4C2A_1,0.8817204301075269
4C2B_1,0.9375
4C4K_1,0.9295774647887324
4C9B_1,0.954248366013072
4CMM_1,0.8809523809523809
4D0N_1,0.9272727272727272
4DBG_6,0.890625
4DH2_1,0.9264705882352942
4DID_1,0.9635036496350365
4DS8_3,0.8021978021978022
4DT1_1,0.8829787234042553
4DVG_1,0.9666666666666667
4DXA_3,0.9418604651162791
4E42_1,0.9664804469273743
4EIG_1,0.9047619047619048
4EKC_1,0.912621359223301
4EKD_1,0.9320388349514563
4EOZ_2,0.803030303030303
4EQA_1,0.9473684210526315
4ETP_1,0.9917355371900827
4EUK_1,0.8767123287671232
4EXP_1,0.8775510204081632
4F38_1,0.9624060150375939
4F9L_10,0.925
4FQ0_1,0.9402985074626866
4FZA_2,0.896551724137931
4G01_1,0.925531914893617
4G59_1,0.9256198347107438
4G6U_1,0.9038461538461539
4G6V_1,0.9038461538461539
4GAF_1,0.9520958083832335
4GEH_1,0.967741935483871
4GH7_1,0.8811881188118812
4GI3_1,0.9230769230769231
4GIQ_5,0.8985507246376812
4GLA_1,0.9210526315789473
4GLV_1,0.9113924050632911
4GN3_1,0.9078947368421053
4GN4_1,0.92
4GN5_1,0.8658536585365854
4GNK_1,0.9304347826086956
4H5S_1,0.9384615384615385
4H6J_1,0.9186046511627907
4HCN_1,0.9322033898305084
4HCP_1,0.9196428571428571
4HFF_1,0.8918918918918919
4HGM_5,0.927536231884058
4I0C_1,0.8656716417910447
4I6L_1,0.9206349206349206
4IC7_1,0.9310344827586207
4ILW_1,0.9478260869565217
4IOP_6,0.8055555555555556
4IU3_1,0.8842105263157894
4IYP_3,0.9310344827586207
4IZ7_5,0.8928571428571429
4J2Y_1,0.9764705882352941
4JE4_5,0.8222222222222222
4JEG_1,0.9222222222222223
4JEH_1,0.9345238095238095
4JEU_1,0.9797979797979798
4JRA_1,0.8947368421052632
4JW2_1,0.8909090909090909
4JW3_1,0.9846153846153847
4K5A_1,0.9264705882352942
4K5B_1,0.8831168831168831
4KFZ_8,0.8363636363636363
4KJY_1,0.8333333333333334
4KR0_3,0.8936170212765957
4KT1_5,0.9054054054054054
4KV5_4,0.8095238095238095
4L0P_1,0.9705882352941176
4LAD_1,0.8703703703703703
4LGP_1,0.9230769230769231
4LGR_1,0.9242424242424242
4LLO_3,0.9315068493150684
4LYL_1,0.9381443298969072
4M0W_1,0.9494949494949495
4M5F_6,0.9120879120879121
4MHJ_1,0.9261363636363636
4MJS_2,0.9047619047619048
4ML7_1,0.9711538461538461
4MRT_5,0.9240506329113924
4MSM_1,0.970873786407767
4MYW_4,0.8969072164948454
4NE9_1,0.9622641509433962
4NOO_8,0.8571428571428571
4NQW_1,0.9805194805194806
4NSO_1,0.9380530973451328
4NZL_1,0.8974358974358975
4NZW_1,0.9518072289156626
4OL0_1,0.9166666666666666
4ONS_1,0.943502824858757
4OYD_1,0.8585858585858586
4P3Y_5,0.8878504672897196
4P5T_1,0.9748743718592965
4PBV_1,0.875
4PBW_1,0.9230769230769231
4PEQ_1,0.8888888888888888
4PER_1,0.9180327868852459
4PJ2_1,0.9058823529411765
4POU_10,0.8571428571428571
4PW9_7,0.9574468085106383
4Q96_1,0.926829268292683
4QLP_1,0.9662162162162162
4QRP_1,0.9581151832460733
4QT8_9,0.9148936170212766
4RS1_1,0.9795918367346939
4RT6_1,0.9591836734693877
4RWS_1,0.9478260869565217
4RWT_1,0.9905660377358491
4S0S_7,0.8676470588235294
4U2X_1,0.9146341463414634
4U30_3,0.9310344827586207
4U32_1,0.9166666666666666
4U4C_1,0.9343065693430657
4U97_8,0.8673469387755102
4UDM_1,0.9591836734693877
4UEM_1,0.9834710743801653
4W6X_1,0.8701298701298701
4W6Y_1,0.8695652173913043
4WEM_1,0.9166666666666666
4WNN_1,0.9757575757575757
4X33_1,0.8941176470588236
4XL1_3,0.8666666666666667
4XLW_4,0.9120879120879121
4XVP_1,0.9117647058823529
4Y61_1,0.9021739130434783
4YC7_1,0.9724770642201835
4YH7_1,0.9819277108433735
4YIQ_1,0.9404761904761905
4YOC_1,0.9473684210526315
4ZGQ_3,0.9
4ZGY_1,0.9307692307692308
4ZI2_1,0.9081632653061225
4ZQK_1,0.875
4ZQU_1,0.9380530973451328
4ZRJ_1,0.9020979020979021
5ABV_1,0.9112903225806451
5AYS_1,0.9156626506024096
5BN5_1,0.9391304347826087
5BOZ_1,0.9156626506024096
5BW7_1,0.9
5CXB_1,0.9
5CYK_1,0.9196428571428571
5D1K_1,0.967741935483871
5D1L_1,0.952
5D1M_1,0.9444444444444444
5D3I_2,0.9696969696969697
5D5M_1,0.9380530973451328
5D7L_1,0.9224806201550387
5DC4_1,0.975
5DFW_1,0.9753086419753086
5DJT_1,0.9487179487179487
5DJU_1,0.9605263157894737
5DMJ_1,0.92
5DOB_1,0.9833333333333333
5E95_2,0.9555555555555556
5EB1_1,0.95
5EE5_1,0.8375
5EO9_2,0.8648648648648649
5F3X_4,0.8571428571428571
5F4E_1,0.9186046511627907
5FR1_2,0.8103448275862069
5FV2_5,0.9464285714285714
5HPS_1,0.926829268292683
5HPY_1,0.9578947368421052
5HVF_1,0.8426966292134831
5IMT_6,0.9629629629629629
5IP4_1,0.9642857142857143
5IUS_10,0.8095238095238095
5J4A_1,0.9775280898876404
5J56_1,0.9565217391304348
5J7C_1,0.9242424242424242
5JG6_10,0.819672131147541
5JKE_1,0.8255813953488372
5JSB_1,0.9454545454545454
5JSN_1,0.9351851851851852
5JZE_1,0.9775280898876404
5L8J_1,0.9710144927536232
5SV3_2,0.90625
5SZH_1,0.9270833333333334
5SZK_4,0.8202247191011236
6ALD_1,0.9428571428571428
6PFK_1,0.9079754601226994
6REQ_1,0.9787798408488063
7CEI_1,0.9384615384615385
7MDH_2,0.8466257668711656
