x,y,z,bp,bs
42.908,2.449,44.993,1.3380112188236393,0
43.534,3.21,44.818,1.556174679099563,0
42.553,2.909,47.199,1.3914398742652438,0
42.363,3.564,46.525,1.4238982065098489,0
43.227,4.355,45.689,1.4996771720949238,0
42.728,3.539,45.33,1.4301706376132568,0
43.838,3.042,44.668,1.605953640741873,0
41.717,1.163,46.344,1.2146467922077024,0
42.233,1.918,45.936,1.3816410648877653,0
41.795,1.238,46.079,1.1957295360088283,0
44.643,0.63,48.308,1.4634378859322954,0
42.601,0.097,48.98,1.0114771432923593,0
44.23,1.743,48.578,1.3612563120116006,0
41.661,-0.045,48.061,1.0371190265109944,0
42.464,0.399,49.034,1.2185350978197027,0
42.22,1.466,48.773,1.189039509613416,0
41.857,1.504,48.055,1.057215704556567,0
46.955,1.172,47.978,1.6759371160340313,0
46.236,0.697,48.075,1.7316015268553608,0
47.08,4.686,45.6,1.9274560531603615,0
45.315,3.728,44.879,1.7765765572791097,0
47.13,3.925,44.43,1.6823403513877848,0
48.401,1.124,47.56,1.9403060682474726,0
47.722,1.19,47.707,1.8011484548217147,0
47.99,1.305,47.867,1.624355095014382,0
49.672,3.673,46.682,1.3847072729066223,1
48.337,4.61,46.259,1.8725799290736964,0
48.443,3.884,45.197,1.69597726614682,0
49.361,3.981,47.37,1.4863225284506565,0
47.021,4.501,47.295,2.373920434439599,0
46.568,4.001,47.723,2.2711634576893704,0
47.846,2.696,48.917,1.5429602989624793,0
48.788,4.202,48.656,2.0061342605166126,0
49.163,4.086,48.321,1.9885708671077065,0
47.966,4.797,47.938,2.1973030909200513,0
48.888,-0.391,46.329,1.3109431481606213,1
49.246,0.304,46.924,1.7389324844413638,0
49.463,0.218,45.869,1.2576176016890277,1
49.666,2.181,47.449,1.4251023051766154,0
48.411,1.498,45.012,1.206614084216249,1
49.848,1.648,47.155,1.4948618100222681,1
50.1,2.738,46.039,1.4296140365232828,1
49.916,1.858,45.321,1.2624937400997878,1
42.998,2.724,47.78,1.4043330984205835,0
44.652,4.657,46.568,1.7580861940897945,0
43.4,3.273,47.979,1.3965737902782842,0
43.828,4.345,47.988,1.7228927588865965,0
43.312,4.479,47.277,1.5317172872327998,0
45.209,0.699,44.701,1.2675384453295782,1
45.225,1.545,44.078,1.260181037475538,1
43.277,0.535,42.942,1.6682763251838995,1
44.591,1.319,43.836,1.218018437071612,1
45.841,3.115,48.147,2.114467341288472,0
46.368,2.282,48.681,1.5954421377685053,0
45.112,1.687,48.676,1.616703653750855,0
45.547,1.62,48.794,1.6918195661167637,0
45.7,-0.116,45.528,1.8840697844832768,1
46.559,-0.218,45.865,1.9717448493496843,1
46.28,0.214,47.553,2.025876933829719,0
47.898,0.328,46.329,1.694358937948991,1
47.043,0.688,45.521,1.6451584667118297,1
45.74,2.803,44.209,1.3533311711970208,1
47.347,3.543,44.257,1.629145972392532,0
45.895,1.841,44.138,1.1501166045259128,1
46.347,3.177,43.945,1.5519882319615288,0
46.647,2.949,43.736,1.408886081955938,1
46.925,4.603,46.916,2.2119240272087657,0
45.298,4.565,45.683,2.0103329562749903,0
46.264,5.02,45.751,2.2956433084640504,0
45.417,-0.689,47.554,1.817679438111602,0
41.664,-2.507,49.558,1.761082838692992,0
44.287,-0.972,48.698,1.3104478179800052,0
43.876,-1.001,49.188,1.2140558999959465,0
41.971,-1.153,48.462,1.0760076598664507,0
43.425,-1.808,49.964,1.0729994577233963,0
42.774,-1.267,49.538,1.1465288489380048,0
41.113,-3.765,44.615,1.179864468554903,1
42.182,-3.469,43.737,1.383569925208736,1
40.75,-3.049,43.508,1.4326940164600073,1
40.838,0.364,45.681,1.9052051180871519,0
40.35,-3.364,44.809,1.646424367865414,1
38.798,-0.204,45.747,1.7505764254970413,0
38.071,-1.571,44.96,2.0413124404735856,1
39.297,-3.056,44.615,1.5910217756333855,1
43.201,0.951,43.304,1.7129552301544926,1
42.238,-1.002,41.356,1.9258452923612475,1
41.418,-2.159,42.074,1.9024129922332078,1
42.668,-0.978,41.547,1.7821074611556778,1
38.619,1.392,44.069,2.637956428117623,0
37.896,0.836,44.497,2.633172314764111,0
39.196,0.76,45.333,2.0680816680043534,0
38.209,0.974,44.672,2.4391096269246555,0
37.626,-1.107,43.024,2.578126682769058,0
40.213,-1.621,42.281,2.447086564855725,1
42.177,1.534,43.64,1.9195233376804475,0
39.991,-0.885,41.229,2.522553402932699,1
40.379,0.696,40.81,2.6366067494824064,1
42.823,0.792,42.068,1.8024010028799506,1
42.195,-0.343,41.006,1.9409402819427557,1
40.863,1.27,44.062,2.5901749797125886,0
39.25,1.892,43.697,2.6940312035221576,0
39.297,1.681,43.973,2.70038385173405,0
39.545,-0.098,40.936,2.6367776238495186,1
38.282,-0.048,41.445,2.8444670418237625,1
37.582,0.839,42.206,3.4820879525873303,0
37.891,1.067,41.09,3.026357058316127,0
38.337,0.622,40.829,2.833211870616506,0
44.476,-1.081,44.483,1.419778476166339,1
45.276,-0.126,45.151,1.51793267141683,1
44.842,-0.199,44.436,1.3323878870192867,1
41.477,0.391,46.736,1.3150446395495654,0
41.26,0.031,47.199,1.097089689239334,0
40.615,-0.676,47.131,1.1087671937356707,0
40.927,-0.234,47.178,1.149942532344445,0
43.95,-2.017,44.004,1.1097604583472565,1
43.366,-2.285,43.24,1.3448132703229345,1
43.356,-3.37,43.748,1.2358570057510738,1
41.657,-4.256,45.002,1.2281388029627998,1
39.16,-2.965,45.388,1.7591172276887914,1
39.508,-2.37,46.805,1.735177530096971,1
39.631,-1.268,46.562,1.305695366525794,1
38.589,-2.246,46.055,1.7825639558086417,1
43.982,0.084,43.457,1.3128189953936111,1
43.202,-1.917,42.5,1.492035276729993,1
43.869,-1.298,42.444,1.2614415158720405,1
37.413,0.43,43.441,3.1102310916691787,0
37.217,-0.747,44.692,2.221943312821768,0
37.061,-0.748,43.884,2.5096427963777197,0
42.613,1.211,42.04,1.84122132336422,1
41.198,1.813,41.447,2.389040795178126,0
42.021,1.757,41.479,2.004860544474934,0
41.459,1.428,40.768,2.149886261275756,1
40.23,2.197,43.027,2.521813069725166,0
40.241,2.444,42.643,2.496337549532827,0
39.049,2.079,40.984,3.16334034902594,0
38.239,2.436,42.82,2.6965012438897356,0
38.723,3.077,42.012,2.529871414222781,0
39.065,2.748,41.301,2.8648959794719797,0
46.258,-5.546,45.399,1.2051717512997515,1
44.79,-4.217,45.127,1.1046828983149855,1
46.994,-5.532,45.104,1.2676552988977723,1
46.211,-2.825,44.89,1.2153907975137703,1
44.582,-3.717,44.663,1.299381277125875,1
46.086,-5.115,44.561,1.2576519120493832,1
47.025,-4.554,44.3,1.2527278148317247,1
46.872,-6.066,47.285,1.5111732725226015,1
45.075,-6.963,48.392,1.4007128659330008,1
43.934,-6.707,49.004,1.43431125300935,1
43.062,-6.904,48.369,1.9134950733656348,1
41.271,-6.546,47.655,2.120904109809058,1
42.667,-6.741,46.959,1.5497639154822964,1
44.596,-3.585,49.94,1.2391442859314519,1
42.051,-6.483,50.462,2.7282914045283992,1
43.38,-3.815,51.19,2.134189247103376,1
42.355,-6.671,50.128,2.397060003624104,1
39.076,-4.687,47.941,2.2334838502270022,1
39.818,-5.52,46.527,1.7297934534920574,1
40.787,-6.497,47.726,2.1504369059430934,1
40.563,-5.705,46.241,1.6962445689863137,1
42.715,-4.58,51.639,2.6727518455925026,1
42.125,-3.828,51.721,2.5311317987591835,0
39.934,-5.495,50.534,3.12980963719707,1
41.613,-5.81,51.531,3.0616950824028257,1
42.401,-3.105,50.87,2.267573261074541,0
41.041,-6.387,50.469,2.991445312223044,1
41.214,-2.635,49.558,2.1077792948380365,0
38.819,-4.839,48.672,2.52655084205296,1
39.468,-2.977,49.354,1.8963327923329052,1
39.463,-5.326,50.238,2.990058151981638,1
40.549,-2.604,49.476,2.010730510726306,1
39.042,-5.345,48.63,2.57940820970531,1
44.501,-2.752,44.496,1.4278549441004886,1
45.814,-1.893,45.865,1.2350582529471645,1
44.725,-1.742,44.827,1.2001232079609525,1
45.717,-4.207,49.514,1.2377497444606438,1
47.283,-2.45,48.046,1.4314298544806794,0
45.14,-3.595,49.75,1.3169874631022775,1
45.721,-3.237,49.677,1.2678850987956258,1
45.952,-2.224,49.077,1.1308942187956994,0
46.265,-6.168,47.051,1.4655403451461606,1
45.29,-6.922,47.496,1.5540701560435564,1
44.325,-6.95,46.942,1.4849475536828565,1
44.572,-6.213,46.022,1.3093634506810823,1
46.72,-5.817,48.821,1.1483244743548153,1
46.076,-4.956,49.53,1.25900801482398,1
45.134,-5.293,50.265,1.5582921067659135,1
45.072,-6.575,49.391,1.379738075451731,1
43.748,-5.345,45.762,1.1885132460510948,1
43.488,-5.635,45.717,1.3247913714210966,1
41.838,-4.967,45.374,1.208406695613799,1
44.269,-6.188,50.208,1.4414622551494363,1
43.733,-6.16,50.924,2.059739589023268,1
44.078,-5.014,51.612,2.2386093950703776,1
43.778,-4.251,51.403,2.1300656115630296,1
40.354,-4.121,45.606,1.4351939162699638,1
39.251,-3.79,46.819,1.7589168817845133,1
39.522,-4.682,46.055,1.6835539983931644,1
41.533,-4.869,52.211,2.9167365898254136,1
41.008,-3.812,52.002,2.784589531971068,1
38.876,-4.193,50.231,2.5599309029304855,1
38.811,-5.029,49.52,2.7493968105275415,1
38.999,-3.38,48.712,1.8825517353982344,1
48.08,-6.366,47.588,1.7228975080502358,1
48.313,-6.654,47.341,1.6008944305858206,1
48.426,-6.778,47.509,1.8102950190209062,1
51.215,-4.364,49.297,1.1747620723825547,1
51.185,-4.77,49.609,1.1344685499061302,1
49.211,-4.12,49.359,1.3158469594597857,1
50.534,-4.711,49.857,1.1943372250241544,1
49.547,-1.984,44.772,1.2322069252349126,1
48.658,-2.843,44.173,1.229693238539604,1
50.137,-5.674,44.535,1.3778865013667527,1
48.832,-4.106,43.91,1.3852402336097736,1
49.34,-4.804,43.715,1.211059456604012,1
49.814,-3.298,43.454,1.1476904435029427,1
50.367,-3.786,43.289,1.2037612559192628,1
51.34,-1.762,48.258,1.7458693503060616,1
51.916,-2.123,46.37,1.3584341037111354,1
51.668,-2.879,45.659,1.1619656513153027,1
49.132,-0.764,46.058,1.22411097878412,1
50.285,-2.2,48.549,1.367171395696481,1
49.201,-1.364,45.512,1.248786312207728,1
48.674,-3.808,48.966,1.2390324766602783,1
48.032,-5.285,49.227,1.321714197475352,1
47.354,-5.117,49.279,1.0909981898785392,1
47.905,-3.728,49.236,1.2188493028201395,1
48.815,-7.037,45.874,1.3401422580330706,1
47.496,-6.275,45.993,1.3007061572464491,1
48.055,-6.684,45.615,1.264364770838497,1
47.426,-1.271,46.126,1.865015853542804,1
48.381,-1.488,46.043,1.3874043051881575,1
47.222,-2.862,44.733,1.2138468472585915,1
48.335,-2.668,44.257,1.1978627465092004,1
51.791,-5.785,45.105,1.4250782100156447,1
51.986,-5.673,45.052,1.5379294000674317,1
51.273,-2.949,44.97,1.2486645815869193,1
51.527,-5.187,44.279,1.2495607994780107,1
50.902,-3.665,48.718,1.312511320177124,1
49.621,-1.025,45.583,1.0125647809815546,1
51.841,-1.851,46.395,1.1551033793357992,1
50.977,-1.987,45.029,1.1406829518454118,1
49.955,-0.802,45.496,1.1134706768621552,1
50.921,-0.642,45.908,1.0332200460779162,1
50.879,-1.734,44.988,1.1352529335041788,1
48.144,-1.24,47.165,2.149243305186447,0
48.445,-1.046,47.302,1.9634095659341906,0
49.003,-0.994,47.721,1.6217656901252346,0
49.359,-2.13,48.597,1.22510001032527,0
48.423,-1.679,47.997,1.3627425963604436,0
53.231,-5.22,45.815,1.5420382597034865,1
53.959,-5.687,45.475,1.6974397356450366,1
52.918,-7.606,45.303,1.4508028829286546,1
52.17,-7.13,45.391,1.4895119325586013,1
50.429,-9.945,45.698,1.4031604148926484,1
49.435,-10.219,45.633,1.5777525358741757,1
47.969,-10.454,47.696,1.645635220626374,1
49.307,-12.082,47.926,1.2105680758332409,1
49.205,-12.097,47.503,1.3011926427173988,1
48.309,-11.002,46.679,1.7157423073217866,1
49.426,-11.414,46.018,1.0367998042613082,1
53.522,-12.3,48.86,1.1723423232897692,1
53.376,-9.901,49.142,1.2081389081192064,0
49.965,-10.265,50.464,1.386972762117609,1
51.325,-10.053,51.214,1.5710155128401695,1
50.442,-9.966,50.847,1.3856084086726368,1
51.884,-12.095,50.186,1.4522909217034012,1
53.436,-10.419,49.362,1.1314810945896965,1
49.455,-7.613,45.874,1.409210226354611,1
51.412,-6.06,45.105,1.5183565720555727,1
50.04,-7.72,45.404,1.3792981270182798,1
50.073,-6.748,44.879,1.3341097892287506,1
50.093,-6.761,49.444,1.2359839644441306,1
51.986,-6.629,49.887,1.145290421617373,1
51.271,-6.606,49.95,1.2582881742191068,1
51.107,-10.46,45.955,1.2706384725811062,1
53.293,-8.429,45.694,1.631495560184451,1
53.161,-8.638,45.777,1.63172168453758,1
51.039,-7.999,45.356,1.4828610258931334,1
51.226,-8.864,45.321,1.402849406138266,1
53.892,-8.336,48.916,1.2535167955002728,0
53.538,-9.83,46.856,1.9254275629669477,1
54.002,-9.771,46.105,2.1111946653184432,1
53.38,-9.497,48.943,1.2330857094166576,0
50.73,-8.487,50.063,1.2840131449332899,1
48.983,-8.74,48.756,1.618848561433339,1
49.885,-8.116,49.906,1.2439544252332588,1
48.944,-8.087,46.804,1.4634059542385616,1
49.961,-9.381,45.688,1.5382563886970362,1
48.66,-9.912,45.827,1.5216447829765556,1
51.004,-12.498,47.124,1.217351043419685,1
49.839,-11.529,46.006,1.191746891474545,1
49.541,-11.802,48.688,1.0279642226041126,1
48.315,-10.771,49.022,1.3906591771952876,1
47.994,-11.223,48.311,1.4300795343594808,1
52.757,-8.68,49.836,1.2141713664547726,0
52.921,-8.874,50.053,1.1748017943875908,0
51.522,-9.371,50.976,1.206586425456398,1
52.371,-9.494,51.171,1.2660027627779475,0
52.814,-9.036,50.643,1.076742051839613,0
49.837,-11.88,48.637,1.4095723629938406,1
51.028,-11.346,51.09,1.3834157982442576,1
50.592,-12.004,50.562,1.3223472646773977,1
53.52,-12.271,48.847,1.2100977942984714,1
52.533,-12.421,48.684,1.423985137006804,1
52.308,-12.544,48.439,1.517179998072494,1
53.714,-6.627,49.313,1.3139067540899814,0
56.196,-4.99,50.139,1.4217748351535036,0
55.803,-5.482,50.148,1.2303593239460564,0
54.281,-7.664,49.24,1.1985498423323426,0
54.379,-5.95,49.683,1.4447098000598797,0
56.337,-8.096,48.771,1.4756448807502986,0
54.438,-6.269,49.681,1.1952165379337485,0
54.923,-6.83,50.015,1.3161097820093428,0
56.007,-7.836,49.754,1.4648580517005014,0
53.082,-3.522,50.118,1.2974575968529491,0
54.041,-2.521,47.11,1.5214588157599327,1
56.664,-1.489,47.199,1.1904081146939272,1
53.423,-1.391,47.157,1.507541173753694,1
56.178,-1.05,50.215,1.4045542337767634,0
55.188,-0.451,50.318,1.4078436949772892,0
53.769,-1.542,47.043,1.3473589120092533,1
56.416,-0.147,49.295,1.3646306780637398,1
54.259,-0.59,46.759,1.331936841432385,1
57.54,-0.831,48.369,1.2518531371848616,1
56.205,-0.868,46.767,1.1929816686899863,1
56.515,0.1,48.658,1.3688229717098994,1
56.506,0.494,48.333,1.373159996256879,1
56.79,-0.404,47.552,1.2474720772389658,1
56.364,0.682,47.169,1.6330579138409893,1
55.534,0.876,46.834,1.716264892526219,1
56.035,-0.621,46.573,1.1834590816653756,1
55.605,-1.23,50.428,1.4187159878598783,0
53.563,-0.557,50.84,1.623379761918268,0
52.061,-4.089,49.297,1.304581608096333,1
53.938,-5.806,49.683,1.2507642589989918,0
52.436,-6.04,49.94,1.1586928446099045,0
52.506,-4.99,50.095,1.2711371192023682,0
53.399,-4.094,46.338,1.6252788782486116,1
53.173,-3.573,46.849,1.911710366070605,1
55.678,-4.049,46.001,1.3824893162384326,1
54.872,-3.696,46.096,1.2928652497118738,1
51.665,-3.862,48.979,1.1700477842716213,1
52.599,-2.856,49.668,1.461201562102097,1
54.838,-3.206,51.024,1.2565646381533602,0
55.174,-3.446,51.337,1.14663114387839,0
54.361,-3.282,50.881,1.2994657693152245,0
54.681,-4.867,50.545,1.1764812901851873,0
56.967,-2.999,46.721,1.15744556854246,1
55.883,-1.313,46.595,1.3615065205656136,1
56.325,-2.199,46.394,1.2322618212366059,1
52.579,-2.281,49.646,1.591593409653601,1
54.198,-1.704,51.076,1.3931775870045124,0
52.611,-2.219,50.032,1.3227245608995177,0
53.394,-1.848,51.148,1.3475276249567807,0
52.951,-2.306,50.62,1.3056685438270186,0
52.812,-1.008,47.895,1.679405109658179,1
54.527,0.934,49.24,1.6965110517662871,0
52.851,0.1,50.297,1.458062936893711,0
52.583,0.1,49.978,1.3687815200971136,0
52.786,0.936,49.17,1.3822077984310923,0
58.006,-4.293,50.098,1.9778482705428588,0
58.504,-4.347,50.488,2.0733592289296143,0
59.692,-4.274,51.517,1.9206129077476952,0
59.737,-5.859,50.921,1.4110517381681795,0
59.193,-4.357,51.184,1.959172388573312,0
57.391,-5.613,43.347,1.449511329053988,1
58.091,-4.865,44.798,1.187603381538314,1
56.679,-5.697,43.384,1.2284201695632089,1
59.521,-8.602,48.315,1.4922315781275242,0
54.362,-8.928,45.516,1.4053701506955234,1
54.391,-8.415,44.96,1.3784948691343082,1
56.893,-3.511,46.363,1.1386362972435244,1
59.919,-7.95,49.379,1.7528458780855405,0
58.747,-8.25,48.401,1.291699842851808,0
58.114,-6.867,49.57,1.4376567116809558,0
57.743,-7.281,49.474,1.1244701598495188,0
59.127,-5.626,44.193,1.0778668443370274,1
57.613,-4.453,45.413,1.1248537383236108,1
55.514,-4.718,45.415,1.3874566120559813,1
59.239,-9.194,47.891,1.1253140969461444,0
60.839,-8.892,47.469,1.5720933656299814,0
59.91,-9.367,47.508,1.3071150917364809,0
57.301,-9.683,47.607,1.2926451149536589,0
55.402,-8.26,47.618,1.3997020104019942,0
55.202,-9.481,45.844,1.5335422922184592,1
55.908,-8.876,46.924,1.767235905533438,1
54.621,-5.84,45.334,1.643010844947221,1
55.052,-6.464,43.479,1.3938239537545603,1
54.512,-6.239,44.613,1.3406626402104849,1
61.868,-1.751,47.674,1.6922470588686547,1
63.101,-2.275,48.06,1.599483723539712,1
63.398,-2.455,47.889,1.564946715501628,1
64.187,-5.419,48.59,1.0933675509047716,0
63.184,-4.277,49.621,1.1986984548611146,0
64.141,-4.314,48.827,1.124747452554819,0
62.482,-2.695,50.073,1.3352538077971996,0
60.825,0.291,50.119,1.4253452176515715,1
60.526,-0.369,48.356,1.4049640551030502,1
60.777,-0.116,48.629,1.455675461788152,1
61.243,-0.852,53.191,2.1834441499300175,0
61.883,-0.962,52.499,1.9492535794086983,0
61.892,-0.161,51.314,1.9669546229865085,1
59.846,-3.752,51.652,1.9657773300200843,0
59.661,-3.764,52.449,1.9832460183292384,0
59.24,-0.278,52.736,1.888831869800241,0
57.768,-0.962,51.563,1.4938233794684652,0
57.321,-1.185,51.753,1.523681865337804,0
58.458,-4.081,53.2,1.9384151983333338,0
57.9,-0.455,52.777,1.7615140695565,0
57.587,-0.833,51.953,1.7142477650628598,0
58.949,-1.15,55.075,2.827829900452993,0
60.224,-3.078,54.515,2.0133109666249878,0
56.899,-1.574,51.686,1.4602778810191628,0
57.293,-4.038,52.07,1.4197377495983838,0
57.331,-4.18,52.612,1.3810626180878813,0
58.539,-3.058,47.153,1.4516824605177605,1
60.65,-4.111,45.539,1.5258255635723605,1
59.602,-5.461,44.747,1.0302398969634565,1
58.852,-4.666,45.286,1.1543351200580878,1
58.794,-3.602,45.693,0.9271853518937796,1
59.43,-2.04,47.466,1.1746122893873885,1
61.021,-1.67,46.482,1.242765543349928,1
59.481,-2.74,46.4,1.2387535265431742,1
59.662,-2.019,46.72,1.2518932250048145,1
61.238,-4.985,50.913,1.3899287125412572,0
61.808,-3.778,51.132,1.454535194358064,0
62.446,-3.055,50.364,1.2700708466396837,0
62.816,-1.855,48.776,1.5977728906424158,1
61.727,0.053,49.56,1.5836071205236075,1
62.777,-1.177,50.132,1.5168649209179357,1
62.574,-0.341,49.324,1.6843755122065671,1
58.725,-0.81,49.417,1.3159603839593985,1
58.225,-2.241,48.184,1.3627976571298706,1
59.398,-0.15,49.761,1.2423860546287397,1
59.571,0.031,49.033,1.38538725775036,1
60.155,-3.363,52.165,2.0631169748859444,0
62.115,-2.848,51.329,1.4400522949159973,0
62.344,-1.772,51.579,1.671717517993682,0
61.686,-2.557,52.847,1.6838339120706312,0
62.363,-1.974,52.136,1.6100787055713919,0
61.484,0.21,51.186,1.8267130484779872,1
59.997,-0.198,52.906,2.1639538517774346,0
60.243,0.648,52.191,1.8993180143129953,1
60.022,0.727,51.383,1.5797708500315466,1
57.446,-1.133,49.417,1.4424170580554807,1
58.058,-0.893,51.238,1.4193367374758439,1
59.523,-0.537,53.432,2.1947533757744266,0
59.882,-0.471,53.559,2.333816147204001,0
59.693,-0.718,54.508,2.7768510185262887,0
60.304,-0.864,54.739,2.5273334908511056,0
61.376,-1.627,54.028,2.1146851472455115,0
59.926,-1.758,55.327,2.329102487591295,0
57.612,-3.006,54.976,2.179185441405495,0
59.184,-2.72,55.928,2.4349764631884256,0
58.659,-1.663,55.719,2.857271914884828,0
59.627,-3.178,55.4,2.014670055987508,0
55.26,-2.541,51.285,1.392427560517897,0
57.587,-4.157,50.098,1.8649086388739426,0
57.449,-3.824,51.269,1.6593279407342936,0
55.738,-3.496,52.025,1.3054010769002857,0
55.26,-2.194,51.334,1.4086426710567193,0
57.063,-1.858,54.356,2.3893710315292105,0
56.064,-3.626,53.09,1.3203486592051819,0
56.949,-3.618,54.595,1.882948249976024,0
57.07,-3.868,54.276,1.91755077387301,0
55.657,-2.855,53.468,1.6226778923685812,0
62.675,-1.989,46.478,1.7342936405855651,1
63.601,-2.117,46.454,1.7093752893466725,1
63.318,-2.041,45.608,1.6528324036104125,1
65.71,-3.85,46.562,1.0543425253009453,0
65.843,-4.305,45.738,1.0765693387104094,0
62.706,-3.777,42.789,1.3353581444175515,1
63.216,-2.986,43.595,1.3747236873049913,1
61.252,-4.991,44.747,1.323221370828292,1
61.593,-4.252,44.587,1.372261335425317,1
61.222,-4.542,45.112,1.2623381579882929,1
61.77,-3.141,44.486,1.20557921443611,1
60.846,-2.154,45.907,1.2202004724113122,1
62.507,-1.863,45.466,1.4696141515409908,1
61.55,-2.372,44.755,1.1343484730234117,1
65.201,-2.336,44.697,1.3549652668687455,1
63.866,-2.059,45.045,1.6793237867761948,1
64.106,-1.837,45.781,1.7517186916281005,1
64.537,-5.059,47.835,1.1509169936895598,0
65.028,-5.681,46.083,1.3176080156375412,0
65.072,-3.82,47.335,1.0382940702245795,0
65.569,-4.483,47.051,0.9036634027727327,0
63.959,-3.116,41.729,1.5454294778618916,1
66.591,-3.015,40.296,1.3610273516307023,0
64.487,-2.789,41.573,1.5968084262870819,1
65.099,-2.361,40.624,1.6991138429849815,1
63.481,-2.843,39.445,1.5123197870253717,1
66.65,-3.395,39.319,1.6336874232200946,0
64.134,-4.7,37.315,2.1736581461568805,1
63.783,-4.457,37.902,2.0014683745151345,1
64.415,-4.258,36.863,2.2593732554795847,0
64.584,-4.783,36.509,2.326433307865335,0
64.672,-5.767,36.573,2.1902847711484905,0
67.965,-4.259,37.393,2.621406735378565,0
68.347,-4.693,36.569,2.460789131795057,0
64.932,-5.83,35.745,2.025244343573475,0
66.049,-6.242,35.084,2.4834374754621034,0
68.158,-5.829,37.347,2.3216825065189686,0
68.179,-6.201,37.41,2.267842810426937,0
67.857,-3.466,34.884,3.430029123305851,0
68.089,-3.644,35.672,2.6660546500123505,0
65.823,-4.821,44.452,1.3554560236021702,0
66.649,-3.647,42.796,1.4365981007374884,0
66.674,-4.319,42.877,1.5153205605224727,0
66.127,-4.259,44.566,1.270266406074183,0
66.603,-3.396,43.788,1.2087837610286545,0
62.134,-5.603,40.847,1.2934463103137508,1
62.534,-3.995,42.397,1.3595691027865437,1
61.795,-5.176,41.504,1.2412306520651621,1
66.707,-3.431,42.414,1.4042126478838721,0
66.97,-3.136,41.208,1.3254284150357993,0
65.166,-2.402,41.149,1.7418606635589595,1
65.361,-2.299,41.749,1.5130732885191538,1
67.121,-6.97,41.389,1.192000935053834,0
67.11,-5.323,42.329,1.2686834924885038,0
67.569,-4.959,40.916,1.2731264788065415,0
63.116,-5.807,40.169,1.8912379072779626,1
63.104,-3.377,40.53,1.52768874712949,1
63.005,-3.144,39.956,1.407983705410501,1
63.101,-3.763,38.829,1.4428392468953062,1
65.865,-2.343,38.642,1.6480964763934167,1
66.392,-2.65,39.634,1.3863439763725298,0
65.531,-2.089,38.826,1.2834583391361092,1
65.664,-7.776,40.2,1.9366840425606733,0
67.858,-6.312,40.995,1.1462403028823391,0
66.751,-6.377,40.214,1.8128068269108113,0
67.249,-5.482,40.083,1.5490402417871931,0
67.388,-5.708,39.311,2.3336906041973147,0
63.721,-6.693,39.399,1.9247924245557038,0
63.425,-5.578,39.053,1.7487316599554772,1
64.573,-7.022,38.044,2.171550022006424,0
63.832,-7.464,38.934,1.6161348255524195,0
63.897,-6.65,37.894,1.9483452928509117,0
65.065,-3.785,36.108,2.7206225008052383,0
64.294,-3.804,37.334,2.1551167509270575,1
64.307,-3.31,37.543,1.9426486850011273,1
64.67,-2.684,37.163,2.0033452364211533,0
65.003,-8.028,38.305,1.8068151705026256,0
66.065,-8.006,38.986,1.7880267750641547,0
67.111,-6.754,38.891,2.4980981575089194,0
65.696,-8.032,37.434,1.7935323230540512,0
66.563,-7.857,36.187,2.221939592697464,0
68.045,-6.355,34.946,3.0716605652597466,0
66.539,-6.9,35.263,2.495404209119411,0
68.332,-7.419,36.76,1.7965919245102766,0
67.848,-8.06,35.952,1.7887952959800164,0
66.656,-7.185,35.241,2.4265504072315185,0
65.456,-4.067,35.18,2.4788439500678514,0
65.508,-3.23,35.495,2.3934449228545245,0
67.525,-2.711,35.517,2.867670911457113,0
65.597,-3.095,35.101,2.4442423784160305,0
67.009,-2.845,34.39,3.297074318148264,0
66.759,-6.302,34.855,2.6390898800042466,0
68.345,-4.263,35.028,3.091104376868506,0
68.572,-5.012,34.541,3.372786963341588,0
68.429,-5.012,34.149,3.532626768542935,0
67.28,-5.775,33.83,3.210077448409682,0
65.996,-7.784,40.918,1.6747297611074827,0
66.653,-6.915,41.33,1.199112582299552,0
64.322,-11.706,43.471,1.5415799086050146,0
64.989,-11.313,43.711,1.521312632338556,0
68.12,-8.412,45.191,1.9869920612379153,0
67.68,-7.786,45.257,1.82742038903287,0
66.226,-11.443,43.711,1.3492443231346216,0
68.516,-11.49,43.694,1.8877040974313284,0
66.516,-11.135,42.195,1.5776449444340268,0
68.484,-11.474,42.861,1.8931071410544293,0
69.087,-7.361,43.544,2.0393713229743557,0
70.602,-8.162,43.624,2.9226910085436306,0
69.892,-10.927,42.778,2.5637014717604045,0
70.566,-10.14,42.377,2.6863867271859747,0
67.509,-7.537,41.813,1.8260081486136142,0
67.836,-6.531,41.33,1.2056172224717974,0
67.627,-7.666,41.389,1.6147616263666664,0
69.637,-9.687,41.387,2.010625717996628,0
69.082,-7.231,42.692,1.8786108218157829,0
66.663,-9.501,39.443,1.4698587430825585,0
69.264,-7.165,42.437,1.7795509453683689,0
69.946,-7.406,41.656,1.5855582007913585,0
70.135,-8.546,41.06,1.7202455975438178,0
68.984,-8.546,40.895,1.5119093384356919,0
70.415,-8.12,44.076,2.9613526820251925,0
68.994,-9.804,45.228,2.1554354771351094,0
69.017,-9.307,45.295,2.22157705174726,0
69.617,-10.17,45.327,2.1924836768033886,0
70.178,-8.444,45.066,2.6386035523383025,0
71.103,-9.684,44.731,3.2837706549639654,0
70.609,-10.61,44.348,2.8533029503706357,0
71.038,-9.91,43.567,3.3173889420878595,0
67.761,-6.732,42.439,1.2809694262230553,0
67.159,-5.661,42.872,1.243715746024218,0
66.526,-9.461,40.774,1.4411855269095484,0
65.818,-6.118,44.359,1.3456327631995273,0
68.721,-7.474,44.214,1.8995155535749415,0
67.706,-6.505,43.637,1.3952691171191014,0
67.857,-6.596,43.944,1.5060676391269094,0
65.877,-7.933,45.806,1.1094785979222739,0
66.007,-10.258,44.942,1.471293425241926,0
66.387,-8.041,45.806,1.2534239493307164,0
66.454,-9.108,45.969,1.3141338957429058,0
66.537,-11.694,44.432,1.4045574933615943,0
66.325,-11.796,44.228,1.330216550435595,0
68.956,-11.095,44.074,2.088577197454577,0
67.133,-11.613,44.522,1.380925916871479,0
67.89,-11.662,44.565,1.3848815015147928,0
67.979,-9.277,41.326,1.8329260000570862,0
68.362,-10.708,41.72,1.8204509524439263,0
61.664,-9.377,46.67,1.3632215008413158,0
60.811,-10.062,46.221,1.1371848892408671,0
62.29,-9.33,47.489,1.3113818398044748,0
64.709,-7.634,48.971,1.1394098443300522,0
64.156,-7.384,49.585,1.176366716450441,0
63.978,-6.986,49.832,1.096332136155995,0
61.141,-9.057,48.865,1.782120903452759,0
63.659,-7.899,50.851,1.9700697036696184,0
62.436,-7.141,52.267,1.7923457049152123,0
60.123,-8.532,50.326,1.6829803589146204,0
63.537,-8.139,51.917,1.996140576160164,0
63.789,-8.601,51.093,1.8053294456614306,0
60.896,-10.165,50.67,1.590900491464839,0
59.909,-7.826,50.09,1.763457811044845,0
62.248,-6.431,51.435,1.6018004169585793,0
59.777,-7.712,50.855,1.706514870214225,0
60.552,-9.915,51.636,2.0793487045768635,0
63.194,-9.641,52.893,3.1523202295569757,0
64.87,-6.766,45.7,1.1489265459336704,0
65.433,-6.466,45.004,1.323613943459189,0
63.044,-10.79,47.07,1.4822804213411138,0
64.298,-9.544,46.077,1.4107710583786897,0
64.368,-9.947,45.68,1.5339369804934275,0
63.779,-10.655,46.983,1.3531599125352105,0
64.227,-9.699,47.611,1.0624199296754482,0
64.118,-9.591,48.716,1.2113572684419873,0
64.512,-5.729,48.17,1.073741111700864,0
64.92,-7.265,46.485,1.2137174812192664,0
65.147,-7.561,47.755,1.2098824425464811,0
65.116,-6.958,48.43,0.9909517168709324,0
62.121,-5.541,50.532,1.3396732951522639,0
63.656,-6.722,50.199,1.2941188940604067,0
63.553,-6.104,50.161,1.1811432560393214,0
63.948,-8.562,49.949,1.2602709882163208,0
62.853,-10.119,48.233,1.4356537126338904,0
64.134,-9.039,49.498,1.1130693239885283,0
63.074,-10.702,50.2,1.5022281678147957,0
63.996,-9.39,50.094,1.3009303101995144,0
62.309,-10.203,48.894,1.7108622693693596,0
59.517,-5.454,51.669,1.3713420253010502,0
61.029,-5.806,51.34,1.3652542103908922,0
60.343,-6.074,51.899,1.4773491280264606,0
60.043,-6.052,52.449,1.1101400812457796,0
60.285,-8.832,52.131,1.987872059130561,0
61.67,-7.694,53.174,2.035258457060133,0
60.815,-7.372,53.56,1.5884142252838682,0
60.925,-6.609,53.279,1.4997004335964246,0
59.879,-7.823,52.96,1.5544727100249387,0
61.921,-11.127,52.338,2.0512487773737056,0
63.11,-10.41,52.736,1.9839487980846475,0
62.748,-10.772,52.777,3.294897186804402,0
62.613,-11.6,51.802,1.5751515402108385,0
63.065,-11.51,51.386,1.4851161707543434,0
60.465,-9.064,52.513,2.244391647303916,0
61.44,-8.803,53.645,2.371388685072783,0
61.255,-9.687,53.957,2.8142557320843133,0
62.17,-9.104,53.748,3.0036255896467554,0
62.313,-10.5,53.429,3.535362835025486,0
61.525,-5.467,41.342,1.2627171784626283,1
57.343,-5.44,41.491,1.748360960358616,1
58.25,-5.342,42.006,1.659715761312986,1
57.167,-5.723,42.302,1.7294663854950412,1
58.515,-7.416,38.099,1.4028988513747565,0
57.733,-5.136,41.296,1.654468145073109,1
57.94,-4.862,38.819,1.5321680259008594,1
59.194,-4.88,39.952,1.3427293045407116,1
55.215,-8.792,40.286,1.336684799727811,1
55.295,-9.002,40.514,1.2554830751591792,1
55.551,-9.61,42.229,0.9848381155745025,1
54.329,-8.092,40.619,1.1823676961028573,1
54.277,-8.31,41.346,1.1679185375584185,1
54.37,-6.551,41.832,1.44425486198064,1
55.876,-7.768,38.428,1.5030112458358813,1
56.304,-7.814,38.098,1.6449495603010893,0
55.666,-5.072,38.565,2.210600419358431,1
56.606,-6.616,37.576,1.5196826956846583,0
55.549,-4.898,39.89,1.7736226366973413,1
57.045,-4.437,39.466,1.5084960285783644,1
55.722,-6.776,37.981,1.6234328817608206,0
55.536,-8.313,38.92,1.4234346803171918,1
55.163,-8.474,39.427,1.389118199232541,1
54.657,-6.145,38.764,1.9331305975091726,1
54.874,-5.614,41.386,1.5445657615943778,1
54.397,-5.548,40.624,1.5787110895994543,1
54.874,-5.614,39.016,2.1334579876654147,1
58.278,-5.679,42.792,1.626076973376198,1
60.284,-5.702,43.967,1.1148481259016845,1
60.742,-5.189,42.412,0.892936004200576,1
60.257,-5.199,41.618,0.972895584471477,1
60.332,-5.041,42.532,0.9271257065652931,1
60.19,-8.605,40.096,1.6848432133807778,0
62.805,-7.142,40.543,1.569493730704251,1
61.798,-6.698,40.378,1.1154183361986756,1
61.824,-6.526,40.43,1.0101188097365041,1
60.745,-6.482,39.861,1.0266726781173972,1
60.912,-6.999,39.832,0.9971198740552776,1
58.837,-6.298,38.174,1.4191977197897323,1
60.032,-5.595,39.166,1.0472017592279346,1
59.26,-5.345,38.455,1.2366637800107492,1
54.936,-8.784,43.067,1.1807749491842165,1
54.449,-7.874,43.244,1.150847636725964,1
54.103,-7.383,42.219,1.188700043891353,1
56.863,-4.818,37.922,1.8794931016633445,1
55.892,-6.048,37.603,1.6594541049361473,0
53.793,-7.173,40.448,1.422607626662824,1
53.893,-7.558,39.64,1.6193564014985553,1
54.319,-6.722,38.72,1.872147343766386,1
61.37,-9.674,39.087,1.4530145411037505,0
61.3,-14.022,39.919,1.5031887151432175,0
62.551,-13.901,40.266,1.3823058169032205,0
63.824,-9.96,37.989,1.412685499445139,0
64.437,-13.246,38.869,1.261201359123748,0
64.637,-13.121,38.784,1.1927553665437065,0
63.848,-12.63,37.722,1.257904249151962,0
65.152,-12.921,38.674,1.3129798468118044,0
66.964,-11.527,38.296,1.7204076402053625,0
66.154,-11.903,37.635,1.773297760412517,0
65.527,-11.431,37.268,1.4602844693814685,0
65.72,-8.454,39.802,1.7761310997944502,0
66.612,-9.506,40.125,1.365712994940659,0
65.699,-8.869,37.436,1.5424142844674786,0
65.421,-10.485,37.27,1.355379517979783,0
64.203,-9.915,37.851,1.3586285471967392,0
66.641,-9.754,37.695,1.465696667237729,0
65.25,-13.194,39.697,1.3558476400769215,0
66.772,-11.594,41.441,1.4236221795823507,0
67.126,-11.723,40.9,1.155953943793315,0
66.031,-12.785,38.574,1.4227335582476426,0
65.003,-12.965,40.165,1.3710571937685818,0
66.001,-13.086,40.229,1.3124741814387713,0
67.213,-12.669,39.846,1.1453309117199388,0
66.687,-12.958,39.065,1.4317464666759874,0
61.227,-10.582,38.442,1.1950407805465066,0
61.007,-9.929,38.816,1.483172067013767,0
63.377,-7.573,40.117,1.5620129619152088,0
62.217,-8.797,39.704,1.40491797450666,0
63.509,-8.189,39.126,1.5131031427900599,0
62.267,-8.543,39.837,1.3469008901046688,0
64.415,-11.293,41.941,1.6944183518066858,0
65.652,-11.073,41.453,1.485433800283275,0
62.93,-14.175,40.266,1.2928189372934829,0
63.195,-13.44,41.115,1.2117599671580361,0
63.532,-14.292,40.136,1.3024412468923408,0
64.704,-12.649,40.479,1.4433208535183928,0
64.18,-14.002,39.697,1.1335501820325673,0
65.091,-13.754,38.867,1.384596636159095,0
64.116,-13.503,40.104,1.1874176728537584,0
62.128,-11.731,37.882,1.1613232317468682,0
64.078,-10.33,37.583,1.4462004432018507,0
62.329,-11.63,37.631,1.0290934799514366,0
62.621,-11.129,37.318,1.0842615425816036,0
63.715,-12.636,42.912,1.543624728199539,0
60.371,-14.494,45.405,1.4932001962634371,0
60.287,-15.547,45.408,1.37758217679465,0
60.938,-15.962,44.078,1.372784069966821,0
60.546,-15.952,44.465,1.4191009617840935,0
61.995,-12.142,46.799,1.4212661469893095,0
63.127,-12.732,47.206,1.675617064584392,0
64.155,-13.929,47.853,1.7809590697731121,0
61.453,-14.4,46.687,1.6042021081128095,0
65.905,-16.517,47.507,2.413806763176789,0
64.953,-16.158,48.369,3.1485969966909297,0
66.183,-16.435,46.588,2.076341822260361,0
63.261,-18.168,47.268,2.073405939716576,0
63.371,-13.564,42.294,1.43206139496194,0
63.463,-15.216,42.683,1.46761252819407,0
63.07,-14.951,41.513,1.5498967411541917,0
63.763,-14.065,42.939,1.51474583703522,0
61.284,-13.063,46.9,1.3552893555189562,0
64.125,-13.568,43.281,1.4547158828301092,0
65.51,-12.809,44.831,1.3786766767915068,0
64.724,-14.593,44.015,1.8025323704959189,0
65.303,-14.356,44.343,1.6620333936327243,0
65.281,-14.079,44.046,1.5924929913326271,0
63.997,-11.1,46.817,1.3733795517202005,0
65.445,-13.215,46.354,1.4633411969605228,0
65.148,-11.829,45.92,1.3392708904485815,0
65.295,-12.982,46.824,1.482649478579426,0
64.05,-12.0,47.098,1.493614038803126,0
65.495,-12.722,46.338,1.3904603865328915,0
63.212,-14.69,48.302,1.875821249829816,0
63.004,-13.223,47.654,1.479546206304956,0
62.397,-14.338,48.324,1.4436241346670933,0
61.768,-14.338,47.796,1.4565232575885665,0
61.844,-15.918,44.46,1.7454104245767517,0
62.1,-16.559,45.922,1.7927575739019153,0
64.496,-15.509,44.276,1.633483712200447,0
65.134,-16.878,45.273,1.916934804676708,0
64.891,-16.889,45.259,1.9519446727630965,0
64.761,-16.517,44.487,1.6424409139501397,0
65.849,-15.748,44.762,1.8086145590286293,0
66.037,-14.405,46.766,1.7770100270814786,0
65.182,-13.658,47.383,1.6930726932434648,0
64.978,-14.747,48.443,2.0192573096039097,0
65.831,-14.289,47.915,1.7902206767077322,0
62.793,-17.27,44.88,1.5707702475182117,1
62.452,-17.136,44.67,1.434899527940179,1
63.732,-17.299,45.209,1.8693571170678756,0
64.076,-18.065,45.947,1.8254534490827439,0
62.7,-17.595,45.408,1.5197267784643667,1
62.221,-17.678,46.241,1.568601568307094,1
63.633,-17.928,45.53,1.683103689914496,1
65.913,-17.033,47.375,2.5716833960833503,0
64.177,-18.462,46.628,2.1123063536990054,0
64.563,-18.55,47.777,2.767149850669128,0
65.976,-17.537,46.969,2.2706479470573107,0
65.833,-17.537,46.577,2.259705860425413,0
63.691,-15.638,48.618,2.185324485403367,0
62.411,-16.972,47.642,1.740237887265029,0
63.359,-16.367,49.152,2.43685629706041,0
64.304,-16.505,48.943,3.1344522970243283,0
63.795,-17.735,48.624,2.6096747560884097,0
55.92,-11.535,46.356,1.4925708769811912,1
55.289,-10.911,42.726,1.1588977927741013,1
55.181,-9.913,42.954,1.0738585185023544,1
54.599,-10.82,43.42,1.1309528419902177,1
59.598,-10.83,47.254,1.0494969875367897,0
56.524,-10.783,46.762,1.2832440438103838,1
56.198,-11.126,46.403,1.5079900779312063,1
57.927,-12.182,48.332,1.106752593777299,0
58.976,-12.654,47.965,1.2332190713517606,0
55.98,-9.617,46.139,1.619107278816483,1
56.5,-10.341,46.521,1.3762464513134554,1
54.103,-10.145,45.516,1.628938831566186,1
54.951,-10.913,45.712,1.543783867389256,1
55.0,-9.478,44.231,1.5326424764684492,1
54.626,-10.084,44.422,1.2404860049915905,1
54.81,-11.618,42.627,0.9892805934969766,1
55.908,-11.529,41.895,1.1703436011053132,1
57.964,-12.082,47.421,1.1280718817715174,0
59.671,-13.645,45.85,1.1857299999966526,0
60.782,-13.268,46.797,1.252047323823118,0
60.196,-11.668,46.844,1.3719864805676547,0
56.832,-11.669,47.86,1.232384478922632,0
58.371,-10.352,48.156,1.2021162088304216,0
58.403,-11.25,48.527,1.2956936081909076,0
58.103,-10.487,48.318,1.1619351045514514,0
59.716,-16.378,38.877,1.4644658737657446,0
57.673,-15.889,38.277,1.2332305367729022,0
55.959,-17.172,39.149,1.1426239634595423,0
57.099,-17.783,38.823,1.2882016202218913,0
57.163,-15.614,38.382,1.0964981944819152,0
56.795,-15.725,38.493,1.1309295915989364,0
59.138,-13.365,36.936,1.528578501428349,0
59.561,-14.709,37.994,1.1336653209876248,0
55.707,-10.261,38.441,1.3707813996427096,1
55.83,-9.66,39.092,1.5908493321088428,1
55.796,-10.126,38.019,1.654453049951024,1
58.106,-12.381,35.971,1.9789429771773788,0
56.421,-9.0,37.289,2.226631818181146,0
55.886,-9.78,35.437,2.265672587011747,0
56.575,-8.951,36.461,2.3271232991589716,0
55.626,-9.836,36.038,2.116487981795812,0
57.34,-8.273,37.3,1.927380812774086,0
57.188,-8.792,36.226,2.127491098886382,0
56.567,-12.276,34.33,2.82199349001547,0
55.788,-10.088,34.682,2.462997925028626,0
56.244,-13.976,38.873,1.2061676469099345,0
61.661,-13.241,39.129,0.9917014214317916,0
61.261,-12.803,38.451,0.9581024252938548,0
60.831,-13.273,38.208,1.0228047589910476,0
60.451,-13.972,37.895,0.994332896795488,0
57.218,-14.551,38.331,1.261751653006621,0
57.6,-14.46,37.665,1.3917365241714486,0
57.22,-13.025,36.569,1.8395250367286942,0
58.139,-13.861,36.738,1.5939960189304794,0
60.685,-10.409,38.338,1.604331073342373,0
60.932,-10.778,38.181,1.3381688164557897,0
60.135,-10.387,37.628,1.4821470057752668,0
60.114,-11.692,37.227,1.4479315267142603,0
55.592,-12.151,39.358,1.3470536285221044,1
56.343,-10.81,41.173,1.5200449984158124,1
56.067,-10.453,40.504,1.5326057535392001,1
55.034,-13.177,39.378,1.1856724397483607,1
55.26,-12.143,38.641,1.3617775918873598,1
56.292,-13.095,37.654,1.58380937690463,0
55.032,-11.544,36.913,1.6405378098273469,0
54.944,-11.845,38.243,1.2797049150033966,1
59.64,-9.007,39.663,1.8387302248992923,0
59.185,-8.835,38.547,1.5802311057123668,0
59.827,-9.619,37.568,1.7681074435327298,0
59.049,-8.26,37.924,1.6278911353988441,0
57.701,-9.16,35.015,2.3178751474075177,0
58.156,-8.48,35.857,1.6527563941778163,0
58.096,-9.678,34.304,2.6197726195488524,0
59.908,-9.57,35.455,1.4185962492236541,0
59.765,-9.57,35.063,1.425963372866955,0
58.221,-8.987,34.744,2.2118508760662476,0
56.396,-12.73,36.204,2.040994499063446,0
55.82,-11.597,34.086,3.11638831079547,0
54.885,-11.322,35.097,2.3604631112621597,0
55.746,-12.787,34.705,2.2493619356620362,0
55.884,-11.006,34.021,3.0987699948593943,0
56.955,-11.913,34.025,3.032117485263541,0
57.044,-9.559,34.226,2.6116183503520394,0
57.692,-9.928,33.834,2.7711028041900545,0
56.304,-10.524,33.515,3.0828293082474567,0
57.249,-10.386,33.306,3.095999011579605,0
59.446,-19.49,42.337,1.2028517085568562,1
59.81,-19.289,41.958,1.1908347400426613,1
59.522,-19.519,40.419,1.4163272892275542,0
58.513,-19.894,43.05,1.1245766233125798,1
61.627,-15.56,39.919,1.4336403277203633,0
62.685,-18.994,41.466,1.5932359464765717,0
62.364,-17.778,38.281,1.5683608532578754,0
62.531,-18.818,38.699,1.7560696015987936,0
63.521,-15.308,40.732,1.3683943242129792,0
63.474,-18.837,39.189,1.811980486809468,0
64.343,-19.064,40.864,1.6411368787830636,0
64.228,-19.165,40.441,1.7127086442545758,0
63.902,-19.064,39.617,1.7950566632753422,0
63.137,-17.008,43.507,1.5269648517341392,0
64.003,-15.908,41.642,1.5071714152110443,0
64.495,-16.669,42.899,1.3660582907885852,0
64.515,-16.152,41.59,1.528104783453611,0
63.574,-18.887,41.675,1.5759312400998664,0
65.067,-17.509,42.501,1.4556154353826078,0
65.261,-17.275,42.166,1.4553243652296444,0
65.32,-17.959,41.783,1.5406186751174937,0
63.607,-15.759,39.183,1.3420798739632216,0
64.204,-15.677,38.952,1.2188243338805649,0
65.475,-17.345,40.166,1.6399909843971827,0
62.899,-16.525,38.589,1.4150273627494423,0
65.178,-18.016,39.3,1.9147185456998976,0
63.472,-15.98,38.917,1.4660025730411288,0
64.768,-16.08,38.582,1.4544829712956173,0
64.473,-17.716,38.321,1.903472002618207,0
58.852,-17.722,38.934,1.4274202511964174,0
59.983,-17.158,38.888,1.2982220627844676,0
60.388,-19.08,38.364,1.7063309921865148,0
60.733,-19.051,41.781,1.6157849921547136,1
62.443,-17.05,43.764,1.2658720415553586,0
61.926,-17.424,43.889,1.3015421636030122,1
62.599,-18.191,42.703,1.2709341164012518,1
60.763,-18.099,43.264,1.355446384248994,1
61.806,-18.513,43.087,1.2773748082414174,1
59.94,-19.31,40.419,1.2968667512310723,0
60.579,-19.086,41.155,1.3930156130172018,0
61.752,-19.434,41.096,1.430411746348381,0
61.215,-19.976,38.9,1.9314845261033382,0
62.434,-19.894,39.849,1.5759943223925161,0
61.052,-16.208,38.775,1.3699395672069292,0
61.172,-15.603,39.346,1.4131041469809882,0
61.34,-16.333,38.584,1.28005966645252,0
62.002,-16.266,38.637,1.1924276363303214,0
61.976,-16.924,38.109,1.1862952991680265,0
59.256,-17.804,44.205,1.1296780615061701,1
53.764,-18.104,44.02,1.2870197183646646,1
54.697,-17.75,44.96,1.2736080487022952,1
54.922,-19.574,44.769,1.1358878369686733,1
53.996,-18.294,44.351,1.3811444319244015,1
54.448,-18.954,44.68,1.139418371691738,1
59.07,-17.218,45.176,1.1794952498708122,1
56.445,-17.621,45.95,1.0785967093830093,1
55.734,-16.935,46.572,1.2658719182637685,1
53.378,-16.512,43.996,1.6145775080491942,1
54.553,-16.166,46.435,1.3232583073227082,1
55.051,-15.87,48.212,1.2272816397317714,1
55.579,-16.364,47.983,1.1047471678803373,1
53.279,-16.509,43.958,1.580680638959285,1
52.68,-15.332,45.945,1.4024995189150664,1
53.193,-16.059,44.662,1.3538228297288386,1
53.075,-15.926,45.395,1.110979785827649,1
56.262,-13.635,48.415,1.186498757026637,1
56.376,-13.044,48.126,1.1547264999073372,1
55.898,-13.914,48.825,1.272147695047063,1
55.511,-14.585,48.984,1.2680200065704534,1
54.156,-12.334,47.751,1.3375532900069131,1
53.726,-15.082,48.375,1.2339879269609486,1
54.356,-15.971,47.613,1.2957680488322683,1
52.117,-14.344,46.526,1.3594970393111518,1
52.607,-15.157,46.685,1.2226558362550695,1
53.028,-13.244,48.088,1.2075902830834513,1
52.477,-13.177,47.943,1.433659886646923,1
52.307,-13.48,47.768,1.2862447108398791,1
57.376,-18.256,45.672,0.9977308172476419,1
59.004,-18.517,44.246,1.0167292896638351,1
58.06,-19.542,44.771,0.9993780560605202,1
58.916,-18.626,44.525,1.0502592941592424,1
58.136,-17.955,46.078,1.1294478893944484,1
57.561,-16.48,47.469,1.0965624260164284,1
57.37,-17.512,46.927,1.0002659405018093,1
58.626,-17.261,46.608,1.1686658687501328,1
59.658,-14.726,45.405,1.4112788946865096,0
58.27,-14.082,46.789,1.2579835007072537,1
57.668,-14.118,47.908,1.0953848551979808,1
56.658,-16.315,48.005,1.1783346613328316,1
56.59,-15.543,48.66,1.195689897362975,1
57.443,-16.001,48.132,1.0320229863416028,1
52.379,-15.066,43.947,1.3585255836100212,1
52.341,-13.527,44.385,1.4459371990210261,1
52.178,-14.178,43.976,1.4140113520752586,1
54.214,-12.639,48.538,1.0277189930193078,1
54.622,-14.261,49.349,1.5808341995579003,1
54.937,-13.143,49.14,0.9508207192572213,1
51.796,-12.666,45.694,1.3869021959211216,1
53.38,-10.447,46.473,1.9451042918027714,1
53.488,-11.496,46.742,1.4843055485904508,1
52.974,-12.127,44.722,1.3437942577756892,1
53.434,-11.456,44.987,1.4032444459968052,1
51.921,-11.832,45.452,1.2077895506927785,1
55.102,-18.389,38.861,1.1892643739061226,0
53.836,-18.614,39.003,1.1231635642602185,0
52.205,-19.562,40.091,1.0908928453071807,0
52.739,-19.498,39.548,1.125714856466664,0
54.892,-14.215,39.214,1.0970455874032483,0
54.137,-16.127,38.41,0.93483661733222,0
55.038,-15.908,38.62,1.1294776559610216,0
53.984,-14.202,39.335,1.2143774305555728,1
51.978,-14.122,39.884,1.2571150918349452,1
52.452,-13.859,39.734,1.1916048389250045,1
51.374,-17.014,40.781,1.3126966859406697,1
52.009,-15.119,42.527,1.3889527109015305,1
51.716,-14.142,41.836,1.151324001983223,1
50.588,-15.671,41.27,1.4141605076993,1
51.489,-14.707,42.071,1.2483163668860109,1
51.343,-13.992,40.694,1.241521566264243,1
51.393,-14.366,39.976,1.381499749739127,1
54.699,-13.486,39.378,1.1310143871192784,1
53.66,-13.283,40.19,1.1036112744641124,1
55.857,-14.891,39.013,1.1215454947963008,0
52.563,-16.939,39.637,1.1211460255384496,0
54.405,-17.298,38.73,0.9513051235975578,0
52.505,-16.677,39.394,1.002932212258628,0
53.216,-17.157,38.56,1.0171363350245015,0
52.281,-14.104,42.445,1.1800115410044558,1
54.542,-12.44,41.755,1.0820291728960165,1
54.273,-12.194,42.087,1.0446214170118406,1
52.236,-13.522,42.174,0.9041397709880749,1
53.437,-12.152,41.735,1.04997758933874,1
55.837,-17.548,39.206,1.2835221461777895,0
55.739,-19.335,38.091,1.27845576109623,0
56.464,-22.646,39.167,1.5221993405312477,0
56.392,-23.119,40.285,1.4483685810344455,0
55.521,-23.766,41.102,1.331317410278679,0
54.611,-23.742,39.534,1.10325407975131,0
58.606,-19.099,38.115,1.9444209492312992,0
57.094,-20.578,35.986,1.646144101981085,0
57.346,-22.543,38.799,1.5958695396468452,0
56.539,-21.376,36.316,1.6054997287996595,0
60.869,-20.792,38.104,2.0851692343027257,0
60.995,-21.292,37.546,2.2333820140824705,0
60.263,-22.543,36.722,2.0944829634475566,0
59.548,-22.386,36.061,2.1935316813935004,0
60.365,-20.485,39.25,1.8380314024194957,0
60.593,-22.499,37.284,1.9567053567571144,0
59.815,-21.663,39.604,1.5934197214871786,0
59.361,-22.868,39.45,1.3591946953591305,0
60.562,-22.578,39.189,1.3982323338511735,0
60.906,-21.698,38.471,1.5199982222145951,0
59.709,-23.529,38.073,2.011056981926013,0
58.649,-20.794,35.691,2.2366119085651412,0
60.401,-19.417,37.646,1.8075439792984855,0
60.09,-21.987,36.031,2.1484023404043193,0
58.985,-19.511,36.432,1.7349901910250982,0
61.075,-20.505,36.445,2.0135629313188304,0
59.826,-19.465,36.062,1.6091272331362936,0
59.819,-19.681,35.727,1.7987854191351453,0
59.474,-21.453,35.466,2.351091894800361,0
54.2,-20.925,37.918,1.2654112143844418,0
54.213,-19.68,38.718,1.3163018445046433,0
54.488,-19.588,38.443,1.2089695274770493,0
54.932,-20.385,37.713,1.3504156914338483,0
57.574,-22.383,39.832,1.5586734959099195,0
59.235,-21.094,40.011,1.5370923688899278,0
58.188,-22.412,39.772,1.5082147149311804,0
57.674,-21.869,41.567,1.1719168403776292,1
58.935,-21.649,40.516,1.3583693513684316,1
54.865,-21.986,37.707,1.3329458611677714,0
56.25,-22.64,38.993,1.454700094516827,0
56.324,-22.794,37.836,1.523073232918433,0
57.021,-22.988,37.394,1.7529438798963157,0
57.109,-18.799,38.227,1.4489238200727486,0
58.221,-20.348,35.935,1.8854321025650111,0
57.757,-19.047,36.908,1.5076726095343234,0
57.195,-19.376,36.197,1.385829882490747,0
57.52,-22.164,42.298,1.1623163245165324,1
53.751,-22.879,45.004,1.1707203456010085,1
52.924,-24.348,44.472,1.1630602796203895,1
54.432,-24.252,44.618,1.2083486892645234,1
53.5,-24.113,44.729,1.0872858266325311,1
53.815,-23.622,44.949,1.209438823946831,1
57.17,-20.228,45.476,1.2815308371715257,1
56.713,-22.341,46.012,1.4718170719986972,1
55.11,-19.911,44.958,1.1240813159146517,1
56.453,-20.697,46.028,1.2595589283733568,1
57.43,-21.966,45.801,1.5706889144268048,1
57.504,-22.764,45.14,1.3890779541429223,1
58.087,-20.791,41.641,1.0984698384984386,1
55.725,-23.709,41.337,1.2345709212686113,1
56.59,-24.541,43.461,1.2471443506447202,1
57.371,-23.11,42.854,1.259538218143692,1
57.233,-23.544,42.623,1.2474998484981317,1
55.741,-19.623,45.251,1.1821608443027638,1
55.439,-23.807,44.783,1.4333980457930944,1
54.443,-22.1,45.341,1.1499250824754905,1
56.086,-22.367,46.295,1.329288834714831,1
55.65,-23.025,45.767,1.330128072134014,1
58.362,-20.935,44.071,1.1384914773363712,1
57.749,-22.62,45.008,1.3577662498714556,1
58.156,-21.415,45.275,1.1491529915425172,1
58.508,-21.18,44.148,1.1244551735556394,1
54.113,-20.064,44.239,1.110142247040453,1
52.084,-20.053,44.643,1.189467142914838,1
51.47,-18.075,43.873,1.4735738080226082,1
49.894,-16.868,40.951,1.4593186356787304,1
48.082,-18.828,41.719,1.3498765129277497,1
48.06,-17.44,41.755,1.9110990305689333,1
49.737,-16.645,43.582,1.6691689291222893,1
49.165,-16.368,41.974,1.5876241781876301,1
48.864,-16.928,41.212,1.5647764964244966,1
48.684,-22.373,44.618,1.520577128939174,1
47.835,-19.987,41.699,1.336766979172127,1
47.642,-21.877,41.666,1.4491495760651012,1
48.684,-20.425,44.928,1.252473301514241,1
47.537,-19.743,42.252,1.4752266211387206,1
50.455,-21.843,44.568,1.0478357353431806,1
52.452,-22.403,44.761,0.9061377222237128,1
50.851,-21.541,44.817,1.1250694882557664,1
51.617,-21.698,45.2,1.1378102350889328,1
52.704,-16.524,43.362,1.3348102722335369,1
53.168,-17.196,43.57,1.6577748943836703,1
50.436,-20.749,40.825,1.3654841923089593,0
51.871,-20.574,39.854,1.2481597531532518,0
51.121,-19.689,40.381,1.363155569114995,0
51.235,-19.955,44.949,1.1604041269626368,1
49.808,-17.866,44.425,1.4264109229756832,1
49.944,-19.111,45.341,1.3772639760113563,1
51.29,-18.66,44.813,1.2146333538066267,1
50.55,-16.825,40.784,1.6207954619530813,1
51.62,-18.297,40.808,1.3932858614840902,0
49.079,-19.469,40.821,1.3558834387765764,1
49.614,-19.083,40.405,1.2584551304619864,1
47.711,-18.561,42.361,1.7825991608007026,1
48.065,-17.503,43.598,1.9418376588387598,1
47.532,-17.92,42.471,2.098256460904839,1
52.325,-16.249,43.362,1.3004503060318355,1
51.092,-16.167,42.862,1.4464147133741867,1
50.222,-16.103,42.278,1.3306236484792269,1
50.166,-16.274,43.193,1.5243750917210555,1
49.965,-21.431,44.629,1.0662361677452399,1
47.327,-21.978,44.692,1.7594626994496319,1
48.336,-19.227,44.466,1.4311198425819076,1
48.02,-20.468,44.76,1.3235941000446425,1
47.133,-19.661,43.424,1.3725528598434156,1
47.765,-21.27,41.621,1.438133873656066,1
49.308,-21.08,40.79,1.3407847086111278,0
48.374,-21.34,40.879,1.3703826207722138,0
50.975,-21.254,39.633,1.1551553129135497,0
53.846,-21.474,37.66,1.2941582548774122,0
53.91,-22.734,37.123,1.555036333103056,0
50.52,-21.7,37.609,1.2293989891464305,0
51.183,-21.259,37.247,1.272468202477161,0
50.444,-22.577,36.062,1.2858976809694902,0
53.067,-25.867,37.782,1.3787809383491192,0
50.846,-23.774,35.632,1.422944209387623,0
52.563,-26.367,36.746,1.4424468964385344,0
52.487,-26.164,36.03,1.6536358618245404,0
51.315,-24.488,35.142,1.655624921059197,0
51.716,-24.488,35.002,1.9491303383736904,0
54.377,-23.654,36.788,1.6311460683334806,0
54.306,-24.317,37.516,1.3989445278350616,0
52.756,-24.805,35.041,2.1782762435899667,0
53.678,-23.204,36.27,1.6654782056905997,0
54.009,-25.895,36.598,1.2458561095558838,0
54.19,-23.715,36.2,1.7384033593820805,0
54.107,-25.357,35.482,1.7035590778388756,0
53.863,-25.18,35.221,1.776632891128628,0
49.747,-25.167,37.365,1.1050919444178735,0
51.273,-26.994,36.693,1.2934573700688086,0
49.493,-25.914,37.674,1.2175142311997205,0
50.526,-25.348,35.866,1.4557159790448764,0
49.0,-22.331,40.077,1.3564824178532362,0
50.054,-22.034,38.802,1.1188208518017169,0
52.531,-20.233,39.495,1.2012475017994082,0
52.807,-20.486,38.485,1.199980135627016,0
52.141,-20.951,37.909,1.1918672416700722,0
53.272,-25.051,39.02,1.205460007147102,0
54.544,-23.602,38.092,1.1126624143510444,0
54.79,-23.358,38.719,1.3252576940401228,0
54.0,-24.379,39.011,0.9879866255222426,0
49.838,-23.605,37.079,1.2077285200550216,0
49.409,-23.264,37.465,1.0766946908352701,0
49.69,-22.412,37.101,1.085884772861898,0
51.984,-23.324,35.291,1.5196520470947783,0
53.47,-22.4,36.41,1.3725927022978313,0
52.692,-21.293,36.25,1.3812486734370093,0
52.889,-21.968,35.539,1.3462426617430414,0
54.07,-24.523,40.164,1.1301662044179683,0
54.161,-25.4,40.43,1.182690212275749,0
56.021,-26.937,41.854,1.4155657340605405,1
55.497,-26.982,45.996,1.3772426083803295,1
54.089,-27.559,45.382,1.4060933059313998,1
56.218,-26.612,45.809,1.4033782703292002,1
57.39,-27.235,44.921,2.195821999420946,1
57.1,-28.495,44.097,2.3179380689706943,1
56.772,-27.688,42.612,1.6798104128408644,1
52.386,-29.38,44.682,1.1919169463159645,1
52.703,-29.184,45.034,1.2076235826156028,1
53.173,-28.531,39.977,1.2246003869955062,0
52.615,-26.224,38.563,1.2006048458560854,0
53.591,-27.997,40.277,1.2579965998892115,0
53.368,-27.084,39.697,1.1316332213589044,0
56.29,-24.952,42.732,1.4520745751633253,1
55.974,-25.099,42.173,1.3529032908621925,1
52.21,-24.58,44.472,1.2312981886831302,1
54.248,-25.343,44.845,1.3785319668318305,1
52.143,-25.265,44.649,1.3119479280347894,1
55.04,-29.128,41.216,1.6536647228661674,0
55.67,-28.687,41.514,1.7188724428614914,0
55.077,-28.941,41.194,1.5707794227187237,0
55.71,-28.24,41.226,1.4935597027538472,0
55.355,-25.168,45.044,1.5019586528459627,1
55.539,-24.885,44.885,1.496109203086955,1
55.302,-26.558,46.058,1.1702758040547774,1
54.653,-26.141,45.777,1.0231640607627535,1
55.927,-29.597,43.156,2.5497831410832923,1
56.277,-29.239,44.051,2.7487705531275424,1
55.669,-28.55,45.696,1.6278716079069064,1
56.326,-29.287,44.776,2.3839264461773153,1
56.48,-25.237,43.981,1.534402839353706,1
57.422,-27.692,43.424,1.8155500782255845,1
56.329,-26.184,42.446,1.4744301599118292,1
57.78,-26.818,43.483,1.40502012715927,1
57.247,-27.235,42.772,1.5759756240772276,1
53.466,-27.659,45.33,1.2672969023400804,1
51.646,-27.497,44.88,1.2209813025694545,1
52.981,-27.088,45.158,1.1211582377093348,1
54.523,-30.836,44.21,2.1536508891681234,1
53.988,-29.131,45.248,1.4409655114949638,1
50.777,-26.727,45.027,1.0763485246167952,1
47.258,-28.822,41.906,1.4110367177369645,0
46.765,-28.314,42.498,1.142103386698688,0
47.112,-27.345,44.142,1.402665038719389,1
46.489,-27.302,43.203,1.094103089094996,0
49.04,-22.718,44.783,1.4650724412102814,1
50.382,-26.211,45.524,1.0306691681480793,1
48.439,-23.218,45.38,1.8218111514858963,1
47.139,-26.409,46.546,1.8094318464604535,1
47.488,-26.219,46.842,1.7782426399722875,1
48.729,-26.645,46.181,1.2462455771410192,1
47.447,-22.589,45.239,2.1559726815399918,1
46.598,-22.157,45.113,2.089864618024362,1
44.344,-24.633,46.867,3.04395596849518,0
45.314,-24.003,47.549,2.798323181483933,1
44.552,-24.003,47.182,3.202017678317899,0
43.813,-22.179,44.439,2.253164988827077,1
49.652,-26.696,45.544,1.0034483909614085,1
50.474,-28.157,44.28,1.187971714777602,1
49.284,-28.091,44.66,1.026279601888743,1
49.043,-27.17,45.39,1.2731324447260381,1
50.469,-26.154,45.499,0.9319859505663838,1
50.937,-23.899,45.269,1.0784604233796404,1
51.357,-24.3,45.135,1.100076452269978,1
50.327,-25.926,45.877,0.9346628322162469,1
50.274,-24.507,46.443,0.9683908909508254,1
50.3,-23.849,45.915,1.1177819839129055,1
48.478,-26.889,45.983,1.477166022052369,1
48.413,-27.34,45.23,1.3802005620781033,1
47.007,-26.59,46.373,1.6865751795077388,1
46.82,-27.009,45.246,1.8582830829910422,1
48.499,-25.634,47.127,1.5104649532348942,1
47.629,-23.349,46.605,1.7246345454658034,1
48.6,-25.334,47.29,1.484456403686025,1
45.191,-24.508,43.387,2.0391844963355505,0
45.192,-23.348,42.408,1.3398246799260176,0
45.682,-25.155,42.62,1.5564807766038786,0
45.602,-25.701,43.618,1.8795825576651455,0
45.822,-25.879,46.582,2.327820253793914,0
44.489,-24.902,47.009,3.0024989608887758,0
44.424,-25.738,46.298,2.360627703361418,0
46.831,-24.243,47.359,2.180248140044169,1
45.847,-23.946,47.618,2.5961463284120794,1
45.656,-22.102,46.298,2.2321670433303624,1
45.817,-22.729,47.457,2.2684803701523926,1
44.504,-23.1,43.369,1.8274276938942717,0
46.238,-21.82,44.589,1.863849841311296,1
46.079,-23.228,42.23,1.4556814665123128,0
47.251,-22.247,43.0,1.720321033507505,1
46.422,-21.405,43.802,1.5833631816434344,1
44.565,-21.658,44.567,1.9434439881481436,1
45.539,-21.977,43.374,1.8038696829012473,1
44.761,-23.502,43.126,1.7745405701946486,0
43.571,-24.004,45.822,2.7487971211750515,0
42.828,-23.812,44.886,2.313091634743316,0
43.558,-24.904,44.47,1.9107537861969686,0
43.505,-24.395,43.759,1.7781401166749427,0
45.259,-21.911,46.386,2.5141341792837455,1
43.24,-22.655,45.337,2.624222284096695,0
45.035,-21.739,46.405,2.4455088925353747,1
44.387,-21.37,46.013,2.270871475611485,1
44.156,-21.539,45.205,2.082446570768656,1
48.492,-26.508,37.95,1.2812861829848596,0
47.401,-26.765,37.774,1.4540641985479126,0
46.973,-25.917,37.816,1.638083205750136,0
46.663,-28.628,39.796,1.4465380367065783,0
46.86,-28.437,38.267,1.548042159884831,0
46.359,-26.286,37.726,1.6154002953263624,0
45.442,-27.455,39.21,1.496956109272596,0
46.042,-28.243,38.429,1.6647540110395993,0
46.687,-27.602,37.668,1.5436995034304386,0
48.792,-22.556,39.347,1.2966511163698433,0
45.326,-25.9,39.051,1.7622667407212682,0
47.318,-22.723,38.364,1.5564220419218766,0
46.122,-23.111,37.423,1.8780772893347406,0
44.175,-23.606,38.892,2.3006863910518462,0
46.297,-22.035,39.186,1.3734039576699402,0
46.856,-22.401,38.362,1.3522633574166223,0
46.068,-22.436,38.001,1.6207659255581741,0
45.068,-25.507,38.401,2.122939043508539,0
45.639,-25.686,37.546,1.950089340401793,0
44.743,-25.222,37.875,2.3964921585757537,0
45.51,-25.377,37.157,2.0286911995535957,0
45.129,-23.585,37.157,2.518768670786729,0
46.071,-25.091,36.896,1.863933947420118,0
45.372,-23.488,42.01,1.5459097220717082,0
45.866,-22.853,41.114,1.3478189777495686,0
45.158,-22.886,41.741,1.3379568775745592,0
43.959,-23.277,40.406,1.687682002379248,0
44.675,-22.008,40.023,1.4891156938059609,0
44.474,-22.117,39.625,1.6401762918869631,0
45.152,-24.79,40.772,1.6488809857140103,0
45.533,-25.905,39.897,1.6459738540545028,0
45.751,-26.539,40.825,1.2307572153760982,0
45.953,-25.872,42.412,1.3734231732549718,0
45.432,-26.082,41.307,1.196633011346017,0
47.051,-22.833,42.665,2.0104005332262953,1
47.225,-22.674,41.502,1.4921452359504648,0
47.201,-22.408,41.165,1.4456859866981604,0
47.375,-23.876,37.724,1.5895195088527754,0
49.253,-25.401,37.961,1.4613181471096641,0
48.418,-23.465,38.027,1.3186225679992563,0
49.374,-26.916,37.754,1.0927824336790015,0
50.138,-31.198,39.256,1.6991163088045627,0
48.816,-31.381,38.956,1.824496731602599,0
47.015,-29.209,40.094,1.4858327475362945,0
47.436,-31.047,41.18,1.9296987948822988,0
47.763,-31.787,39.97,2.067201606855784,0
47.156,-29.866,38.833,1.7013000845570616,0
46.823,-30.413,40.337,1.7383003276519433,0
47.002,-31.264,39.556,1.923245586631932,0
47.129,-30.843,38.838,1.9014952892883503,0
52.841,-28.539,39.26,1.0486013438559916,0
52.879,-28.987,39.169,1.0773284671483447,0
50.044,-28.113,37.132,1.1438992265915742,0
52.639,-27.675,38.398,1.101028263905002,0
50.575,-29.107,37.109,1.0333184996012323,0
47.534,-29.175,38.47,1.554377688543398,0
49.438,-28.629,37.107,1.161698630712556,0
47.859,-28.383,37.495,1.3342167342473732,0
48.119,-28.332,37.26,1.2467998375434401,0
48.654,-28.194,37.051,1.239569008166777,0
52.127,-30.366,39.281,1.3380644334992429,0
52.387,-29.124,37.844,1.0543998895767148,0
51.343,-30.479,38.264,1.1481814320116897,0
51.992,-29.714,37.553,1.0138451133174655,0
51.023,-27.396,36.833,1.2396155733650382,0
48.956,-33.001,41.71,2.416203384688154,0
49.736,-29.749,44.282,1.2899264242729782,1
49.406,-32.942,42.945,2.573437290821903,0
48.171,-32.464,42.132,2.443550822309853,0
47.651,-30.539,44.237,1.4300379549969258,0
48.202,-30.915,44.632,1.5302208400667534,0
48.332,-30.469,44.632,1.356023258100184,1
47.613,-31.374,44.105,1.8403863806875926,0
48.909,-32.623,43.744,2.269714873823801,0
48.797,-32.801,42.92,2.5896641341507305,0
47.298,-29.402,41.782,1.487620118265796,0
47.032,-30.537,41.92,1.6136171201870149,0
47.637,-27.367,45.147,1.6420223818036197,1
46.846,-29.737,43.466,1.345016424535157,0
46.95,-30.867,42.302,1.7619088563054075,0
51.895,-33.783,42.154,2.398471651134131,0
51.962,-33.692,41.482,2.243433025719997,0
52.471,-30.189,44.524,1.3846109651959104,1
50.916,-30.47,44.188,1.5752279805965768,1
53.351,-32.611,41.011,2.217547962117278,0
54.319,-31.784,40.482,1.7391100160540738,0
52.461,-30.786,39.877,1.56628822139242,0
54.79,-29.601,40.796,1.5013591027566648,0
53.173,-30.555,39.692,1.4054396265895035,0
54.356,-30.796,40.11,1.4729925854642076,0
53.819,-30.406,39.684,1.329999005667547,0
55.55,-32.723,42.65,2.5606130160907346,1
55.44,-32.758,42.226,2.5272014479519154,0
47.856,-31.692,40.954,2.182358669774651,0
48.462,-32.704,41.759,2.529049029110436,0
48.757,-33.069,41.284,2.2890924542643813,0
49.529,-32.679,40.157,1.9433826543751145,0
51.444,-33.306,43.475,2.572776266036613,0
50.781,-33.338,43.502,2.4938883739037245,0
50.534,-34.075,42.582,2.5728531129993826,0
50.175,-31.743,39.803,1.7446338416691771,0
51.839,-30.884,39.616,1.4970964994097218,0
51.486,-33.467,40.68,1.8866447661427097,0
52.244,-33.08,40.33,1.9050549486102921,0
50.743,-30.259,44.115,1.4898912995637736,1
51.12,-28.931,43.854,1.2931290078731856,1
53.742,-31.302,44.248,1.928887791472281,1
52.246,-31.008,44.66,1.5794284781529202,1
52.835,-31.732,44.809,1.6114167572621745,1
53.165,-31.515,44.6,1.6142531407158855,1
54.787,-30.769,44.014,2.69300666538206,1
53.556,-32.491,44.223,2.202081460319817,1
54.76,-31.85,44.317,2.1376139087303585,1
54.324,-33.218,43.789,2.3906398387314356,1
54.555,-33.387,42.981,2.513761157594509,1
55.697,-30.592,43.162,2.601195071549686,1
56.04,-30.196,41.794,1.9529629031671742,0
55.923,-31.213,43.085,2.503552806862804,1
56.318,-31.673,42.563,2.2689702554751023,0
56.03,-32.035,41.363,2.181166592302083,0
55.587,-31.577,40.835,1.8797242030853891,0
